user_id,item_id,relevance,predicted_score
1,364,0,0.006627938244491816
1,48,1,0.0041465964168310165
1,2096,0,0.0037782201543450356
1,2085,0,0.0030096108093857765
1,3615,0,0.002778146881610155
1,2081,0,0.002684156410396099
1,1282,0,0.0020209394861012697
1,2139,0,0.0017195458058267832
1,2394,0,0.0017077082302421331
1,3213,0,0.0015676238108426332
2,208,0,0.004819368943572044
2,1876,0,0.0036486475728452206
2,329,0,0.002837664447724819
2,1049,0,0.0017526681767776608
2,2273,0,0.0017001121304929256
2,517,0,0.0016127730486914515
2,288,0,0.0015309687005355954
2,3697,0,0.001282370532862842
2,316,0,0.0011208922369405627
2,1769,0,0.0010206949664279819
3,2174,0,0.01268888171762228
3,2918,0,0.011864698491990566
3,1883,0,0.009887573309242725
3,1923,0,0.00908482912927866
3,1042,0,0.007979628629982471
3,2791,0,0.007937966845929623
3,2797,0,0.004907040391117334
3,2683,0,0.004734031390398741
3,2395,0,0.004497535061091185
3,367,0,0.004398738965392113
4,1610,0,0.046525705605745316
4,1291,0,0.033485908061265945
4,3703,0,0.020275799557566643
4,2571,0,0.019319094717502594
4,2944,0,0.018127618357539177
4,1287,0,0.016152486205101013
4,2948,0,0.015039063058793545
4,3104,0,0.01501903124153614
4,589,0,0.012466798536479473
4,1127,0,0.01238840352743864
5,832,0,0.004988397937268019
5,1339,0,0.00393117219209671
5,1732,0,0.0030645120423287153
5,587,0,0.0029025026597082615
5,1399,0,0.0028635417111217976
5,1620,0,0.002815053565427661
5,1589,0,0.0027000338304787874
5,1343,0,0.0024517078418284655
5,3358,0,0.0021480845753103495
5,3259,0,0.002053193049505353
6,3555,0,0.072926826775074
6,3513,0,0.04673929139971733
6,3510,0,0.04138202965259552
6,3173,0,0.030602924525737762
6,3481,0,0.0296480655670166
6,3911,0,0.015871280804276466
6,3948,0,0.014972727745771408
6,3301,0,0.01414272841066122
6,3623,0,0.013817538507282734
6,3566,0,0.012698854319751263
7,165,0,0.004925610031932592
7,1049,0,0.004430027212947607
7,1370,0,0.004264547023922205
7,1356,0,0.003995523788034916
7,2273,0,0.003953636158257723
7,2490,0,0.0033069720957428217
7,1527,0,0.003018602728843689
7,2006,0,0.0030020764097571373
7,112,0,0.002588736591860652
7,1608,0,0.002400097204372287
8,588,0,0.01133898738771677
8,2700,0,0.010997389443218708
8,3114,0,0.009183796122670174
8,3005,0,0.008926628157496452
8,3052,0,0.006897632032632828
8,1148,0,0.00666876882314682
8,3081,0,0.005502487067133188
8,2687,0,0.005417605396360159
8,69,0,0.005276449024677277
8,1393,0,0.005253234878182411
9,1580,0,0.015334120951592922
9,1370,0,0.014832244254648685
9,1645,0,0.013578509911894798
9,2353,0,0.012064613401889801
9,1732,0,0.010298696346580982
9,587,0,0.009188078343868256
9,2916,0,0.008155222050845623
9,1805,0,0.008041556924581528
9,1729,0,0.007130141369998455
9,1573,0,0.007023392245173454
10,3629,0,0.004900040570646524
10,3435,0,0.0031669700983911753
10,2940,0,0.0030565382912755013
10,1230,0,0.0030339467339217663
10,1207,0,0.002268983982503414
10,903,0,0.0022222776897251606
10,1931,0,0.0021047506015747786
10,942,0,0.0015761215472593904
10,953,0,0.0015669979620724916
10,919,0,0.0014068129239603877
11,830,0,0.03383110836148262
11,236,0,0.02196643315255642
11,195,0,0.01741345040500164
11,1888,0,0.014210416935384274
11,3156,0,0.011808458715677261
11,344,0,0.011079334653913975
11,429,0,0.01092976052314043
11,1453,0,0.010232793167233467
11,3948,0,0.009485436603426933
11,2829,0,0.009168693795800209
12,1952,0,0.0033345434349030256
12,3435,0,0.003085585543885827
12,1213,0,0.002925166627392173
12,3095,0,0.0024997354485094547
12,318,0,0.0024692972656339407
12,1617,0,0.0024413634091615677
12,1276,0,0.0023245997726917267
12,1267,0,0.002246688585728407
12,3683,0,0.002123671118170023
12,2731,0,0.0018324805423617363
13,673,0,0.0024807993322610855
13,2193,0,0.0013037577737122774
13,653,0,0.0012938369764015079
13,3698,0,0.0011535693192854524
13,1030,0,0.0010175909847021103
13,2422,0,0.0010168444132432342
13,2143,0,0.001012094086036086
13,329,0,0.0009871458169072866
13,1371,0,0.0009462154703214765
13,2088,0,0.0009422622970305383
14,1213,0,0.08471362292766571
14,593,0,0.05788347125053406
14,50,0,0.04474854841828346
14,1089,0,0.03606212139129639
14,318,0,0.03159424662590027
14,246,0,0.027970697730779648
14,1617,0,0.025013064965605736
14,2391,0,0.023616915568709373
14,3176,0,0.013018056750297546
14,3114,0,0.010963807813823223
15,3793,0,0.007006226107478142
15,3527,0,0.0064901430159807205
15,2628,0,0.005330716725438833
15,3702,0,0.005321003030985594
15,3300,0,0.005275570787489414
15,741,0,0.004785681609064341
15,2985,0,0.004144538659602404
15,1036,0,0.0039389790035784245
15,3555,0,0.002855413593351841
15,2872,0,0.0028469939716160297
16,2961,0,0.02740565501153469
16,2701,1,0.023575367406010628
16,3384,0,0.022838853299617767
16,3273,0,0.016259612515568733
16,2396,0,0.013781428337097168
16,2491,0,0.01331181451678276
16,3081,0,0.012314457446336746
16,3176,0,0.011074522510170937
16,2840,0,0.010692519135773182
16,3157,0,0.008828191086649895
17,2628,0,0.0025464941281825304
17,3745,0,0.0021431464701890945
17,32,0,0.0020426511764526367
17,3793,0,0.0018298833165317774
17,904,0,0.0015871162759140134
17,2393,0,0.0014559185365214944
17,1343,0,0.0014437042409554124
17,1748,0,0.0014270730316638947
17,1527,0,0.0013269917108118534
17,1306,0,0.0013112503802403808
18,802,0,0.012144715525209904
18,1177,0,0.010221600532531738
18,1958,0,0.008625692687928677
18,1569,0,0.007707186043262482
18,832,0,0.007264601066708565
18,440,0,0.006449483800679445
18,538,0,0.006242615636438131
18,1711,0,0.006056042853742838
18,369,0,0.00573700899258256
18,45,0,0.005629724357277155
19,2807,0,0.019357401877641678
19,3824,0,0.01819130964577198
19,160,0,0.01414271630346775
19,3316,0,0.013286042027175426
19,3821,0,0.010708248242735863
19,3301,0,0.010576633736491203
19,181,0,0.007170427590608597
19,327,0,0.0063494364731013775
19,169,0,0.005520617123693228
19,3617,0,0.005324524827301502
20,3702,0,0.002744340570643544
20,2916,0,0.002722943900153041
20,1376,0,0.002618207596242428
20,2763,0,0.0023798709735274315
20,260,0,0.0022255536168813705
20,1200,0,0.002188736805692315
20,741,0,0.001956761348992586
20,3793,0,0.0014965077862143517
20,1580,0,0.0014741920167580247
20,1214,0,0.0013952538138255477
21,364,0,0.055395133793354034
21,2687,0,0.043334588408470154
21,783,0,0.0385923832654953
21,1907,0,0.03628590703010559
21,2085,0,0.025867654010653496
21,2139,0,0.021656977012753487
21,2096,0,0.013477202504873276
21,1029,0,0.011615277267992496
21,1032,0,0.00955171138048172
21,3034,0,0.009368500672280788
22,3911,0,0.00946186576038599
22,160,0,0.007962600328028202
22,1562,0,0.007481733337044716
22,2872,0,0.006942862179130316
22,2987,0,0.005642951466143131
22,3745,0,0.005437621381133795
22,1206,0,0.003929619677364826
22,919,0,0.003819173201918602
22,3793,0,0.003730408614501357
22,2804,0,0.0033161607570946217
23,2422,0,0.03478122502565384
23,3767,0,0.01635538786649704
23,1998,0,0.015010136179625988
23,3401,0,0.012647483497858047
23,2902,0,0.012643021531403065
23,2614,0,0.009056644514203072
23,2412,0,0.00902278907597065
23,1975,0,0.008078456856310368
23,2807,0,0.007200414780527353
23,3048,0,0.006055873353034258
24,2762,0,0.0037351420614868402
24,3623,0,0.003241023514419794
24,3513,0,0.0030780150555074215
24,3617,0,0.0027740297373384237
24,3897,0,0.0026089586317539215
24,2763,0,0.002467378042638302
24,3564,0,0.0023692972026765347
24,3793,0,0.0021783483680337667
24,3753,0,0.0021425392478704453
24,1188,0,0.0019703174475580454
25,2700,0,0.0017926329746842384
25,3624,0,0.0017186937620863318
25,3081,0,0.0008827621350064874
25,1282,0,0.0005828722496517003
25,3157,0,0.0005759261548519135
25,3793,0,0.000522797810845077
25,2858,0,0.0005225336644798517
25,3555,0,0.0005105676827952266
25,3483,0,0.00044978209189139307
25,3159,0,0.0004394680727273226
26,852,0,0.003422242822125554
26,2144,0,0.003311251290142536
26,2431,0,0.0032805847004055977
26,236,0,0.0029966644942760468
26,586,0,0.0028547425754368305
26,2770,0,0.0026560828555375338
26,2906,0,0.002599288709461689
26,2244,0,0.002490893704816699
26,195,0,0.0024678881745785475
26,440,0,0.002250713761895895
27,1204,1,0.018176330253481865
27,1252,0,0.017367759719491005
27,919,0,0.017132531851530075
27,3095,0,0.013741826638579369
27,1221,0,0.013702129013836384
27,1945,0,0.011777980253100395
27,3468,0,0.011679962277412415
27,3089,0,0.011319689452648163
27,1228,0,0.011109367944300175
27,1256,0,0.008678466081619263
28,1269,0,0.002067006193101406
28,745,0,0.0007151967729441822
28,898,0,0.0006483540637418628
28,314,0,0.0005593515816144645
28,2394,0,0.0005116818356327713
28,1256,0,0.000468444952275604
28,223,0,0.0003661971422843635
28,2396,0,0.0003044817131012678
28,2762,0,0.0002764119126368314
28,969,0,0.0002715098380576819
29,1754,0,0.021418815478682518
29,2334,0,0.01742841675877571
29,165,0,0.011024430394172668
29,292,0,0.010686696507036686
29,1645,0,0.009916109032928944
29,89,0,0.007693339604884386
29,3249,0,0.007594273891299963
29,1597,0,0.006939586717635393
29,1422,0,0.006587152369320393
29,2002,0,0.005530194379389286
30,1407,0,0.029904812574386597
30,47,0,0.01608452759683132
30,2396,0,0.016000548377633095
30,1,0,0.01523770671337843
30,1653,0,0.014683714136481285
30,1682,0,0.014296396635472775
30,25,0,0.013102738186717033
30,1923,0,0.012720785103738308
30,3476,0,0.012689705938100815
30,2336,0,0.011798515915870667
31,3614,0,0.0020166274625808
31,2134,0,0.0017961221747100353
31,3501,0,0.0014815450413152575
31,2518,0,0.0012209926499053836
31,1378,0,0.0009214383317157626
31,3688,0,0.0007458089385181665
31,2469,0,0.0006932200049050152
31,2247,0,0.0006688809371553361
31,2478,0,0.0006608446128666401
31,2792,0,0.0006342720007523894
32,1610,0,0.03147587925195694
32,2058,0,0.029041482135653496
32,16,0,0.02371043898165226
32,3176,0,0.016072887927293777
32,2353,0,0.015489852987229824
32,832,0,0.010023931972682476
32,110,0,0.00978217925876379
32,21,0,0.009354868903756142
32,1625,0,0.009108164347708225
32,1653,0,0.008494371548295021
33,1190,0,0.013709692284464836
33,492,0,0.009102612733840942
33,2312,0,0.006558610592037439
33,3252,0,0.006190032232552767
33,1810,0,0.006108859088271856
33,1643,0,0.005913113709539175
33,2333,0,0.004672983195632696
33,1840,0,0.004568609409034252
33,337,0,0.004295711871236563
33,2112,0,0.004171127453446388
34,830,0,0.010272933170199394
34,1453,0,0.008502553217113018
34,3,0,0.008067075163125992
34,1353,0,0.007646298501640558
34,2316,0,0.004935328848659992
34,802,0,0.00443966593593359
34,186,0,0.004060885403305292
34,252,0,0.004003577865660191
34,208,0,0.0036260592751204967
34,2875,0,0.0035896121989935637
35,3911,0,0.03405454754829407
35,3948,0,0.023930497467517853
35,745,0,0.018238458782434464
35,1282,0,0.01784544251859188
35,3897,0,0.011645082384347916
35,3536,0,0.009548396803438663
35,1641,0,0.006792315747588873
35,3481,0,0.006468311883509159
35,1449,0,0.0059919171035289764
35,3943,0,0.005811311770230532
36,608,0,0.037860408425331116
36,2687,0,0.026862120255827904
36,531,0,0.023856181651353836
36,2565,0,0.02206297032535076
36,1012,0,0.02202613838016987
36,364,0,0.015260087326169014
36,1179,0,0.012041603215038776
36,1393,0,0.011434118263423443
36,25,0,0.011316830292344093
36,1029,0,0.010884006507694721
37,852,0,0.01165525522083044
37,2424,0,0.009368784725666046
37,539,0,0.006609098985791206
37,2012,0,0.006583740469068289
37,1888,0,0.005258525256067514
37,500,0,0.005109171383082867
37,3,0,0.00396763626486063
37,586,0,0.0037235524505376816
37,3263,0,0.003277962561696768
37,368,0,0.0029145085718482733
38,2906,0,0.01091676764190197
38,169,0,0.007299117743968964
38,48,0,0.005281128920614719
38,616,0,0.005121607333421707
38,2092,0,0.004718362353742123
38,3225,0,0.004128603730350733
38,1474,0,0.003956856206059456
38,2384,0,0.0038737773429602385
38,2141,0,0.003472537500783801
38,783,0,0.003340787021443248
39,2702,0,0.015965083613991737
39,3384,0,0.008651463314890862
39,2841,0,0.006939133163541555
39,3273,0,0.004425826482474804
39,2840,0,0.004089248366653919
39,2987,0,0.003939257934689522
39,2961,0,0.0027744544204324484
39,3185,0,0.002265624003484845
39,3798,0,0.0019412991823628545
39,2907,0,0.0016427708324044943
40,208,0,0.02577880583703518
40,2410,0,0.025397928431630135
40,2405,0,0.023792890831828117
40,2422,0,0.020872309803962708
40,1499,0,0.01919204369187355
40,160,0,0.018526792526245117
40,996,0,0.016185659915208817
40,849,0,0.015159152448177338
40,405,0,0.012830674648284912
40,1681,0,0.012466968037188053
41,3160,0,0.003940565977245569
41,3219,0,0.002473906148225069
41,3753,0,0.0021225884556770325
41,2840,0,0.002115783514454961
41,3752,0,0.0018684202805161476
41,3176,0,0.0016433162381872535
41,2333,0,0.0014609171776100993
41,2734,0,0.001304376870393753
41,3113,0,0.0012919810833409429
41,3081,0,0.001252736896276474
42,3039,0,0.03610267862677574
42,2518,0,0.023782940581440926
42,1958,0,0.01852201297879219
42,2245,0,0.01638663001358509
42,2795,0,0.01541385892778635
42,3308,0,0.013190126046538353
42,2407,0,0.012154280208051205
42,2247,0,0.011906886473298073
42,2470,0,0.009805473499000072
42,2463,0,0.009601308032870293
43,2700,0,0.04317084699869156
43,3176,0,0.032504066824913025
43,2987,0,0.027673987671732903
43,2841,0,0.01924201473593712
43,3157,0,0.01785152219235897
43,3384,0,0.01579331047832966
43,2702,0,0.014121782965958118
43,2692,0,0.010508178733289242
43,2840,0,0.009625931270420551
43,2724,0,0.008325625211000443
44,802,0,0.00998689141124487
44,2291,0,0.007390680722892284
44,1569,0,0.005522674880921841
44,1393,0,0.0044819968752563
44,1059,0,0.004466716665774584
44,3948,0,0.004280006978660822
44,1357,0,0.0031289381440728903
44,1466,0,0.003123024944216013
44,58,0,0.002678779186680913
44,1643,0,0.002461065072566271
45,419,0,0.06697653979063034
45,195,0,0.06212059408426285
45,3388,0,0.027544952929019928
45,520,0,0.026550497859716415
45,1461,0,0.010787684470415115
45,3385,0,0.01015082560479641
45,1839,0,0.01004662923514843
45,1731,0,0.00974953267723322
45,374,0,0.00907366443425417
45,3688,0,0.008628937415778637
46,3910,0,0.026634426787495613
46,661,0,0.022799260914325714
46,3624,0,0.02085893228650093
46,3911,0,0.016413627192378044
46,3300,0,0.016288023442029953
46,3457,0,0.013676163740456104
46,3794,0,0.011725911870598793
46,3675,0,0.011023893021047115
46,2455,0,0.010571986436843872
46,3914,0,0.01036057248711586
47,1228,0,0.008415652438998222
47,1617,0,0.006959078833460808
47,3006,0,0.006870466750115156
47,1084,0,0.005720430985093117
47,1945,0,0.004620249383151531
47,515,0,0.004505811724811792
47,265,0,0.004430482629686594
47,1179,0,0.004411505535244942
47,1225,0,0.004200486931949854
47,1280,0,0.004157653544098139
48,2807,0,0.042163241654634476
48,546,0,0.031394585967063904
48,1862,0,0.027150273323059082
48,1731,0,0.015516642481088638
48,2380,0,0.015065060928463936
48,2412,0,0.014146237634122372
48,1831,0,0.013765178620815277
48,2701,0,0.013203454203903675
48,327,0,0.011263154447078705
48,2986,0,0.010855242609977722
49,608,0,0.03387787938117981
49,1213,0,0.015255959704518318
49,50,0,0.012249293737113476
49,318,0,0.010617898777127266
49,1617,0,0.00847152154892683
49,36,0,0.00361800380051136
49,720,0,0.0017062367405742407
49,593,0,0.0016206157160922885
49,1280,0,0.0014259649906307459
49,1358,0,0.00126639346126467
50,3744,0,0.0597405806183815
50,3624,0,0.056856557726860046
50,3300,0,0.028896495699882507
50,3535,0,0.025694789364933968
50,551,0,0.020811598747968674
50,3481,0,0.015183640643954277
50,3515,0,0.014469683170318604
50,3555,0,0.014080656692385674
50,3328,0,0.013371801935136318
50,3916,0,0.012665994465351105
51,1500,0,0.03687895089387894
51,3108,0,0.028302930295467377
51,2321,0,0.01932891085743904
51,1042,0,0.017255261540412903
51,2706,0,0.016910310834646225
51,21,0,0.014183737337589264
51,2997,0,0.013681626878678799
51,2324,0,0.013224189169704914
51,3253,0,0.012940415181219578
51,1784,0,0.011225145310163498
52,3624,0,0.04184195026755333
52,3513,0,0.03728974610567093
52,3316,0,0.03614511713385582
52,3555,0,0.025302613154053688
52,3484,0,0.016807187348604202
52,3536,0,0.015779666602611542
52,3948,0,0.01502030435949564
52,3301,0,0.011851226910948753
52,3452,0,0.011284851469099522
52,3744,0,0.009691346436738968
53,2325,0,0.01468175370246172
53,169,0,0.010034219361841679
53,2829,0,0.008260858245193958
53,3208,0,0.008174401707947254
53,1453,0,0.008090735413134098
53,1632,0,0.007491475436836481
53,2027,0,0.006478406023234129
53,3141,0,0.006271495018154383
53,1744,0,0.006112192757427692
53,536,0,0.005211459472775459
54,1080,0,0.03364889323711395
54,2918,0,0.02302970550954342
54,2997,0,0.01804175041615963
54,2804,0,0.01619572751224041
54,1968,0,0.015443794429302216
54,1294,0,0.015008068643510342
54,955,0,0.014181762933731079
54,910,0,0.014026878401637077
54,3543,0,0.013531533069908619
54,3424,0,0.011204664595425129
55,2571,0,0.006659949664026499
55,34,0,0.00643171276897192
55,1358,0,0.0060472371987998486
55,36,0,0.006023951806128025
55,2028,0,0.005630131345242262
55,337,0,0.004843899514526129
55,1912,0,0.004020625725388527
55,3418,0,0.0038216307293623686
55,1610,0,0.0034766874741762877
55,2289,0,0.0034756199456751347
56,1747,0,0.011301744729280472
56,1914,0,0.007778805680572987
56,2700,0,0.006569270044565201
56,3358,0,0.0065611680038273335
56,69,0,0.00586563628166914
56,45,0,0.005675948690623045
56,3253,0,0.005281141959130764
56,441,0,0.004773929249495268
56,52,0,0.004454260226339102
56,357,0,0.003719885367900133
57,1208,0,0.000954211107455194
57,2858,0,0.0008160789147950709
57,1214,0,0.0007971652667038143
57,1997,0,0.0006604240043088794
57,1250,0,0.0006088519585318863
57,1036,0,0.000554699741769582
57,111,0,0.0005237181903794408
57,1259,0,0.0005079612601548433
57,3481,0,0.0005053923232480884
57,260,0,0.0004900595522485673
58,405,0,0.039562202990055084
58,2549,0,0.031118925660848618
58,1590,0,0.023220384493470192
58,546,0,0.015269272029399872
58,839,0,0.013364517129957676
58,2835,0,0.012540035881102085
58,886,0,0.011143785901367664
58,3113,0,0.007529559079557657
58,1744,0,0.007381073199212551
58,692,0,0.006617073900997639
59,904,0,0.017225585877895355
59,924,0,0.013976563699543476
59,3334,0,0.013287418521940708
59,930,0,0.013062996789813042
59,1212,0,0.012542725540697575
59,910,0,0.012534820474684238
59,1945,0,0.010617857798933983
59,2186,0,0.01019375491887331
59,1263,0,0.010162552818655968
59,2987,0,0.009909861721098423
60,695,0,0.002805175259709358
60,1805,0,0.0025211810134351254
60,1909,0,0.0018644389929249883
60,3513,0,0.0018045317847281694
60,292,0,0.0017054789932444692
60,3262,0,0.0015390682965517044
60,288,0,0.0014041950926184654
60,2762,0,0.001206597895361483
60,1729,0,0.0011831654701381922
60,1783,0,0.001102697802707553
61,3717,0,0.05295724794268608
61,3594,0,0.02366403304040432
61,3328,0,0.016665294766426086
61,3299,0,0.014666606672108173
61,3896,0,0.014466816559433937
61,3747,0,0.01442484650760889
61,3798,0,0.014093107543885708
61,3481,0,0.011455790139734745
61,3852,0,0.011400642804801464
61,3301,0,0.010783443227410316
62,2565,0,0.02483278326690197
62,1282,0,0.018798384815454483
62,955,0,0.015890836715698242
62,1028,0,0.015525716356933117
62,901,0,0.01542354840785265
62,898,0,0.013325735926628113
62,3341,0,0.013078253716230392
62,3801,0,0.012015944346785545
62,1077,0,0.009759088978171349
62,905,0,0.008506088517606258
63,527,0,0.0048659793101251125
63,2908,0,0.0044677951373159885
63,3435,0,0.004154587630182505
63,1193,0,0.003495443845167756
63,908,0,0.00349161378107965
63,1213,0,0.003415862563997507
63,858,0,0.0032054816838353872
63,923,0,0.0029220834840089083
63,608,0,0.0029147386085242033
63,1280,0,0.002448173239827156
64,1544,0,0.026810750365257263
64,3615,0,0.01075721625238657
64,3409,0,0.00929333921521902
64,3826,0,0.00929292757064104
64,3300,0,0.00803878903388977
64,3510,0,0.007400892674922943
64,3753,0,0.006310099735856056
64,3717,0,0.006002984009683132
64,3745,0,0.005297607276588678
64,144,0,0.0048819673247635365
65,3624,0,0.004787744488567114
65,3793,0,0.00393421808257699
65,3316,0,0.0034500700421631336
65,3827,0,0.003031246131286025
65,2657,0,0.002983765909448266
65,3745,0,0.0028143967501819134
65,3755,0,0.0026183186564594507
65,1101,0,0.00247033778578043
65,3513,0,0.0024696169421076775
65,3785,0,0.002309403382241726
66,1210,0,0.05512270703911781
66,589,0,0.047188084572553635
66,1307,0,0.04209523648023605
66,1197,0,0.03063199110329151
66,1965,0,0.02460462599992752
66,2571,0,0.023910360410809517
66,1240,0,0.02360619604587555
66,3481,0,0.020200541242957115
66,2918,0,0.015556304715573788
66,2804,0,0.014764683321118355
67,2352,0,0.0064554293639957905
67,1244,0,0.004803033545613289
67,2866,0,0.004796837456524372
67,2248,0,0.004677972290664911
67,3363,0,0.004503136035054922
67,1231,0,0.0038813850842416286
67,1307,0,0.0037428683135658503
67,955,0,0.0034862111788243055
67,1957,0,0.003348152618855238
67,3111,0,0.003241999540477991
68,3253,0,0.012551276944577694
68,1641,0,0.009045510552823544
68,39,0,0.008938677608966827
68,1883,0,0.006612333003431559
68,441,0,0.006610012147575617
68,52,0,0.006337583065032959
68,1079,0,0.005144474096596241
68,1188,0,0.005060967523604631
68,125,0,0.00504764961078763
68,2359,0,0.004915075376629829
69,281,0,0.018908940255641937
69,475,0,0.01532704010605812
69,1678,0,0.01161359716206789
69,1177,0,0.008793792687356472
69,150,0,0.008611924014985561
69,1245,0,0.007917825132608414
69,1914,0,0.007202094420790672
69,1094,0,0.006572787184268236
69,412,0,0.0061824810691177845
69,2442,0,0.005734157748520374
70,2702,0,0.06297153234481812
70,3384,0,0.044596944004297256
70,2841,0,0.024788890033960342
70,2961,0,0.017658907920122147
70,2763,0,0.013776373118162155
70,3793,1,0.01244093757122755
70,2806,0,0.0122810835018754
70,2907,0,0.011771605350077152
70,2485,0,0.010771417990326881
70,2701,0,0.010711363516747952
71,3203,0,0.012428202666342258
71,3113,0,0.008649161085486412
71,2881,0,0.007606567349284887
71,2959,1,0.007264247629791498
71,2369,0,0.007143351249396801
71,3543,0,0.0066988179460167885
71,2355,0,0.006447082385420799
71,2770,0,0.0052785868756473064
71,3016,0,0.005082437302917242
71,2722,0,0.005072026513516903
72,110,0,0.01626988686621189
72,1721,0,0.012602614238858223
72,3100,0,0.007554731797426939
72,337,0,0.007408705540001392
72,1678,0,0.007376532536000013
72,36,0,0.005888357292860746
72,1357,0,0.005782683379948139
72,529,0,0.005560415331274271
72,1120,0,0.005220214836299419
72,3418,1,0.005091911647468805
73,2792,0,0.026289403438568115
73,2405,0,0.02272031642496586
73,1381,0,0.017369722947478294
73,1378,0,0.014709060080349445
73,2374,0,0.014417739585042
73,2380,0,0.013931497931480408
73,2471,0,0.013035755604505539
73,2379,0,0.011897239834070206
73,3388,0,0.01123045850545168
73,2383,0,0.010234965942800045
74,1179,0,0.059840813279151917
74,538,0,0.0166322011500597
74,1625,0,0.014528315514326096
74,1885,0,0.01333959586918354
74,3783,0,0.010291925631463528
74,3386,0,0.009637819603085518
74,1358,0,0.009006352163851261
74,1061,0,0.008451689034700394
74,515,0,0.008371730335056782
74,47,0,0.008042434230446815
75,3004,0,0.14345382153987885
75,2699,0,0.06235240399837494
75,3285,0,0.03152347356081009
75,2188,0,0.0273402351886034
75,2881,0,0.024937501177191734
75,2369,0,0.022991804406046867
75,2710,0,0.021180538460612297
75,2706,0,0.01810702681541443
75,2827,0,0.01631801947951317
75,2541,0,0.014988978393375874
76,3513,1,0.03601367026567459
76,3858,0,0.03332474082708359
76,3948,0,0.029717102646827698
76,3624,0,0.027935130521655083
76,3911,0,0.018897132948040962
76,3566,0,0.016888389363884926
76,3555,0,0.013441728428006172
76,3536,0,0.0129046980291605
76,3949,0,0.011191867291927338
76,3896,0,0.009973970241844654
77,3176,0,0.040174949914216995
77,2841,0,0.03069721907377243
77,2396,0,0.015229476615786552
77,2692,0,0.01463916152715683
77,3157,0,0.014638574793934822
77,2840,0,0.007565412670373917
77,2806,0,0.005493508651852608
77,2961,0,0.004994622431695461
77,2724,0,0.004938971251249313
77,2907,1,0.004664712585508823
78,1569,0,0.022822566330432892
78,45,0,0.02021031267940998
78,1485,0,0.019993161782622337
78,231,0,0.01934172958135605
78,141,0,0.018859941512346268
78,3358,0,0.009272778406739235
78,597,0,0.008877933956682682
78,3263,0,0.007312409579753876
78,852,0,0.0072513362392783165
78,104,0,0.006798630580306053
79,1805,0,0.002346737077459693
79,2841,0,0.0023072254844009876
79,2763,0,0.0019738718401640654
79,2702,0,0.0016146424459293485
79,1589,0,0.001523283077403903
79,1625,0,0.001436273567378521
79,1422,0,0.0012899282155558467
79,2490,0,0.0012761689722537994
79,2600,0,0.0011358722113072872
79,653,0,0.0010837503941729665
80,266,0,0.03539713844656944
80,1544,0,0.010396929457783699
80,590,1,0.008206799626350403
80,1367,0,0.006073608994483948
80,691,0,0.005264143459498882
80,3753,0,0.0052214618772268295
80,788,0,0.005052626132965088
80,2135,0,0.004795995075255632
80,586,0,0.004570360295474529
80,552,0,0.004238762427121401
81,1136,0,0.0027276277542114258
81,955,0,0.002060405444353819
81,910,0,0.0018399683758616447
81,2791,0,0.0016915603773668408
81,927,0,0.0014408915303647518
81,898,0,0.0012763411505147815
81,1278,0,0.0011134378146380186
81,1252,0,0.0010021032067015767
81,3504,0,0.0009994508000090718
81,2716,0,0.0009971787221729755
82,1729,0,0.06724566221237183
82,6,0,0.04592489078640938
82,1089,0,0.030831176787614822
82,1805,0,0.024742990732192993
82,2391,0,0.021460119634866714
82,474,1,0.019980868324637413
82,1466,0,0.01804477348923683
82,3147,0,0.014576079323887825
82,2231,0,0.012870989739894867
82,32,0,0.011516133323311806
83,1772,0,0.03852367773652077
83,2162,1,0.024348480626940727
83,3439,0,0.019634131342172623
83,1750,0,0.019231462851166725
83,1474,0,0.013498433865606785
83,160,0,0.013147006742656231
83,1588,0,0.010896170511841774
83,1920,0,0.010545536875724792
83,1126,0,0.010399965569376945
83,2807,0,0.009763017296791077
84,1127,0,0.033393744379282
84,589,0,0.01460682787001133
84,1374,0,0.009631372056901455
84,1610,0,0.009330608882009983
84,1036,0,0.009158812463283539
84,1259,0,0.009050308726727962
84,2947,0,0.009045454673469067
84,1304,0,0.008432485163211823
84,858,0,0.006440901663154364
84,1408,0,0.005665126722306013
85,2827,0,0.07464795559644699
85,2707,0,0.0727376714348793
85,2147,0,0.0514880046248436
85,2555,0,0.03193586692214012
85,3016,0,0.026522226631641388
85,2694,0,0.025538887828588486
85,3516,0,0.024056827649474144
85,223,0,0.023374998942017555
85,2826,0,0.023228321224451065
85,2770,0,0.022111890837550163
86,2683,0,0.005611262284219265
86,2858,0,0.002165528479963541
86,3157,0,0.00204915227368474
86,2028,0,0.00178433652035892
86,2706,0,0.0017493629129603505
86,34,0,0.0017131647327914834
86,2699,0,0.001575722941197455
86,2188,0,0.0015095797134563327
86,3081,0,0.001389539916999638
86,3615,0,0.0011661634780466557
87,2353,0,0.03549733757972717
87,1370,0,0.018993951380252838
87,2985,0,0.007713292725384235
87,2115,0,0.007369388826191425
87,6,0,0.007161665707826614
87,1129,0,0.006836903281509876
87,1573,0,0.006582822185009718
87,2058,0,0.005269146058708429
87,2278,0,0.004952591378241777
87,3527,0,0.004890830256044865
88,2352,0,0.02029501646757126
88,3098,0,0.011254651471972466
88,2248,0,0.009605406783521175
88,3424,0,0.006842115893959999
88,3363,0,0.0066895876079797745
88,1234,0,0.006104007828980684
88,1186,0,0.005299371201545
88,2020,0,0.004747922532260418
88,1288,0,0.004662072751671076
88,2919,0,0.004352296236902475
89,3,0,0.01317393034696579
89,1580,0,0.012454799376428127
89,2858,0,0.012323546223342419
89,266,0,0.010971665382385254
89,110,0,0.009093184024095535
89,891,0,0.008852447383105755
89,3450,0,0.00808857474476099
89,1544,0,0.007667236030101776
89,1971,0,0.006263598799705505
89,480,0,0.00591709278523922
90,3316,0,0.023440636694431305
90,3536,0,0.02123493328690529
90,3555,0,0.01739606074988842
90,3911,0,0.015973307192325592
90,3946,0,0.014774536713957787
90,3513,0,0.012457197532057762
90,3745,0,0.010832175612449646
90,3852,0,0.009590434841811657
90,3564,0,0.008012618869543076
90,3617,0,0.007968801073729992
91,2324,0,0.027067532762885094
91,1256,0,0.024986233562231064
91,908,0,0.015257108956575394
91,928,0,0.012541127391159534
91,1235,0,0.010619993321597576
91,2804,0,0.009141209535300732
91,1269,0,0.00843772478401661
91,1244,0,0.007622078061103821
91,1230,0,0.007277076598256826
91,1213,0,0.004900616593658924
92,160,0,0.03397318720817566
92,2808,0,0.008179640397429466
92,153,0,0.008128471672534943
92,405,0,0.0076987892389297485
92,1499,0,0.0075265890918672085
92,849,0,0.0071924906224012375
92,2549,0,0.006885839160531759
92,1772,0,0.006618719547986984
92,1687,0,0.006301337853074074
92,1379,0,0.006289798300713301
93,169,0,0.00629856251180172
93,1772,0,0.005710835102945566
93,181,0,0.004958993289619684
93,1497,0,0.004652946721762419
93,3767,0,0.004282707814127207
93,2835,0,0.0035276298876851797
93,519,0,0.0033061548601835966
93,2412,0,0.003295233938843012
93,160,0,0.002926670014858246
93,2383,0,0.002327491994947195
94,2746,0,0.010049709118902683
94,1347,0,0.00869431346654892
94,2454,0,0.0035209786146879196
94,2867,0,0.0022014575079083443
94,2657,0,0.002017999067902565
94,968,0,0.001978750340640545
94,2160,0,0.0017847254639491439
94,3499,0,0.0017010660376399755
94,1350,0,0.001401992398314178
94,1982,0,0.0014010421000421047
95,3081,0,0.002398259472101927
95,1704,0,0.0017025816487148404
95,1729,0,0.0013748573837801814
95,2700,0,0.0013566211564466357
95,150,0,0.001231241854839027
95,1682,0,0.0011539689730852842
95,2396,0,0.0010290732607245445
95,866,0,0.0010106490226462483
95,3006,0,0.0009691891027614474
95,2912,0,0.0008517297683283687
96,3555,0,0.055094484239816666
96,3624,0,0.03609461709856987
96,3300,0,0.01240594033151865
96,3316,0,0.009118952788412571
96,3793,0,0.007559128105640411
96,3755,0,0.006574349012225866
96,3481,0,0.005821754224598408
96,3354,0,0.00574863888323307
96,3948,0,0.005088278092443943
96,3536,0,0.004684993997216225
97,2940,0,0.00983894057571888
97,927,0,0.008382806554436684
97,2935,0,0.008008207194507122
97,905,0,0.007700727321207523
97,3334,1,0.007382622919976711
97,2203,0,0.00531393988057971
97,2927,0,0.00517022330313921
97,3097,0,0.003895100438967347
97,955,0,0.003623792203143239
97,2863,0,0.0028110325802117586
98,608,0,0.002382871927693486
98,2858,0,0.00220535509288311
98,3301,0,0.0011542750289663672
98,2701,0,0.0010523293167352676
98,2762,0,0.0010454697767272592
98,3114,0,0.0009528764639981091
98,2396,0,0.0007529180147685111
98,260,0,0.0007298801792785525
98,111,0,0.0005751108983531594
98,1196,0,0.00047710369108244777
99,1784,0,0.004376259632408619
99,2918,0,0.0031323879957199097
99,2194,0,0.0028985009994357824
99,367,0,0.0025850841775536537
99,1641,0,0.0023754131980240345
99,2174,0,0.0022178078070282936
99,3396,0,0.0016792500391602516
99,2872,0,0.0012070818338543177
99,2706,0,0.0010329651413485408
99,1732,0,0.0010109157301485538
100,1252,0,0.028471386060118675
100,1207,0,0.02762724831700325
100,50,0,0.026851266622543335
100,745,0,0.02371153049170971
100,1280,0,0.01570815034210682
100,908,0,0.014950624667108059
100,2858,0,0.014413241297006607
100,1041,0,0.013856049627065659
100,296,0,0.013596151024103165
100,903,0,0.011401659809052944
101,2807,0,0.02448117546737194
101,172,0,0.018681025132536888
101,1499,0,0.013819285668432713
101,405,0,0.013271499425172806
101,2549,0,0.0120658278465271
101,173,0,0.01084959227591753
101,160,0,0.010759402066469193
101,1772,0,0.009694341570138931
101,880,0,0.009248976595699787
101,3802,0,0.007737315259873867
102,616,0,0.019590165466070175
102,3611,0,0.014593077823519707
102,2781,0,0.013271020725369453
102,1980,0,0.011869390495121479
102,1152,0,0.01185787282884121
102,901,0,0.011029928922653198
102,1024,0,0.01018555648624897
102,3262,0,0.00971611775457859
102,1381,0,0.009142754599452019
102,1998,0,0.009091655723750591
103,2807,0,0.03373000770807266
103,405,0,0.019268309697508812
103,181,0,0.016347330063581467
103,173,0,0.014833045192062855
103,2053,0,0.013356662355363369
103,1882,0,0.013314400799572468
103,2701,0,0.009517442435026169
103,2986,0,0.008666581474244595
103,2835,0,0.005818284582346678
103,2450,0,0.005187066737562418
104,2699,0,0.042775291949510574
104,3203,0,0.03009277768433094
104,2827,0,0.025094611570239067
104,2433,0,0.023604778572916985
104,2147,0,0.021999293938279152
104,3516,0,0.017772551625967026
104,1127,0,0.016227450221776962
104,3285,0,0.015373705886304379
104,2572,0,0.0153355672955513
104,2975,0,0.01251700334250927
105,1370,0,0.0076790181919932365
105,1754,0,0.003686928888782859
105,1645,0,0.0034902729094028473
105,2990,0,0.003454963443800807
105,10,0,0.002588946372270584
105,832,0,0.002507104305550456
105,1805,0,0.00222652405500412
105,2353,0,0.002041320316493511
105,112,0,0.0017311725532636046
105,2334,0,0.0016672834753990173
106,1569,0,0.006494250614196062
106,539,0,0.004414441529661417
106,2291,0,0.0041486830450594425
106,11,0,0.0030246784444898367
106,2108,0,0.002617400139570236
106,2570,0,0.0023241250310093164
106,647,0,0.002256652107462287
106,17,0,0.0020253979600965977
106,1683,0,0.0015301669482141733
106,1393,0,0.0013607607688754797
107,2565,0,0.017129750922322273
107,2312,0,0.008926230482757092
107,898,0,0.0061055440455675125
107,3111,0,0.0042183795012533665
107,969,0,0.004031352233141661
107,1957,0,0.003920203540474176
107,1244,0,0.003814715426415205
107,2243,0,0.00365969305858016
107,2194,0,0.003618797054514289
107,2076,0,0.0035881330259144306
108,3893,0,0.09044335782527924
108,3481,0,0.07702446728944778
108,3952,0,0.07495944201946259
108,3897,0,0.07205747812986374
108,3566,0,0.031464528292417526
108,3624,0,0.017182040959596634
108,3515,0,0.01650087907910347
108,3865,0,0.015846962109208107
108,3538,0,0.014230324886739254
108,3916,0,0.01404362078756094
109,1029,0,0.06264040619134903
109,364,0,0.02077624760568142
109,1032,0,0.02073832042515278
109,2565,0,0.014551563188433647
109,2096,0,0.013902828097343445
109,2078,0,0.00966347474604845
109,616,0,0.007688902784138918
109,783,0,0.0071654063649475574
109,2857,0,0.00689800875261426
109,588,0,0.006792991887778044
110,3624,0,0.09106425940990448
110,3513,0,0.033824168145656586
110,3409,0,0.02885831892490387
110,3753,0,0.01753086969256401
110,3745,0,0.009972912259399891
110,3354,0,0.008394947275519371
110,3173,0,0.008387764915823936
110,3827,0,0.007911856286227703
110,3160,0,0.00723559595644474
110,3615,0,0.006395092699676752
111,3614,0,0.014069372788071632
111,1701,0,0.013704603537917137
111,1476,0,0.013543745502829552
111,1888,0,0.010003379546105862
111,339,0,0.009263165295124054
111,3261,0,0.007464206777513027
111,1569,0,0.007040673401206732
111,492,0,0.0064784507267177105
111,2390,0,0.00634645763784647
111,3358,0,0.006305196788161993
112,904,0,0.04224220663309097
112,800,0,0.018171733245253563
112,1152,0,0.015309401787817478
112,1086,0,0.015130328014492989
112,950,0,0.013468330726027489
112,3384,0,0.013139521703124046
112,1783,0,0.009634234942495823
112,164,0,0.009004650637507439
112,931,0,0.008323248475790024
112,1029,0,0.007689084857702255
113,3752,0,0.06389733403921127
113,3826,0,0.04524979740381241
113,3316,0,0.031085200607776642
113,3617,0,0.02779577486217022
113,3824,0,0.02434425987303257
113,3511,0,0.019462456926703453
113,3615,0,0.0164568480104208
113,3355,0,0.015288572758436203
113,3744,0,0.012932868674397469
113,3827,0,0.012908410280942917
114,3675,0,0.07358171045780182
114,1282,0,0.046490080654621124
114,2857,0,0.037279922515153885
114,2565,0,0.03033924475312233
114,1029,0,0.026975495740771294
114,1907,0,0.02434030920267105
114,2080,0,0.016125118359923363
114,588,0,0.01519677322357893
114,1028,0,0.015080933459103107
114,364,0,0.0133725730702281
115,891,0,0.03388047218322754
115,1971,0,0.03357666730880737
115,1972,0,0.02210952527821064
115,2456,0,0.011937817558646202
115,1970,0,0.008711417205631733
115,1973,0,0.007981769740581512
115,3,0,0.006513188127428293
115,1969,0,0.00552899157628417
115,1986,0,0.005478930193930864
115,611,1,0.005128915421664715
116,2034,0,0.013763596303761005
116,1544,0,0.012708116322755814
116,1772,0,0.012494068592786789
116,3513,0,0.01052163727581501
116,3316,0,0.010084067471325397
116,3946,0,0.00978869292885065
116,2990,0,0.009617995470762253
116,1381,0,0.009117635898292065
116,3555,0,0.00849971454590559
116,736,0,0.007617151364684105
117,2922,0,0.029379330575466156
117,1378,0,0.018343057483434677
117,2414,0,0.016428902745246887
117,416,0,0.014490977860987186
117,2422,0,0.014295045286417007
117,1283,0,0.012054597027599812
117,1209,0,0.011102943681180477
117,160,0,0.010909652337431908
117,1998,0,0.010793090797960758
117,1379,0,0.010344365611672401
118,1958,0,0.0049644517712295055
118,1264,0,0.004445488564670086
118,1962,0,0.004081438761204481
118,3526,0,0.0037048705853521824
118,1231,0,0.003589450614526868
118,1077,0,0.0033245657104998827
118,1185,0,0.0032035931944847107
118,1965,0,0.0026572009082883596
118,2313,0,0.0023814805317670107
118,2750,0,0.002326534129679203
119,830,0,0.028900697827339172
119,1474,0,0.02198762446641922
119,2092,0,0.017778946086764336
119,2687,0,0.014715366065502167
119,2142,0,0.014527888037264347
119,2162,0,0.011565495282411575
119,19,0,0.010642888955771923
119,239,0,0.010027589276432991
119,1772,0,0.009653969667851925
119,317,0,0.008501259610056877
120,1089,0,0.00824364647269249
120,32,0,0.007054850924760103
120,2762,0,0.006282228510826826
120,541,0,0.005523080471903086
120,36,0,0.0053043244406580925
120,745,0,0.0049243345856666565
120,1240,0,0.004846596624702215
120,2571,0,0.003915959503501654
120,800,0,0.0038696452975273132
120,1,0,0.0033212786074727774
121,2600,0,0.047059763222932816
121,2021,0,0.025446563959121704
121,1019,0,0.0239468514919281
121,2140,0,0.01975345052778721
121,367,0,0.019590327516198158
121,60,0,0.018240822479128838
121,2968,0,0.017872299998998642
121,2,0,0.01442402321845293
121,788,0,0.013722770847380161
121,2116,0,0.013639566488564014
122,1370,0,0.006394089665263891
122,288,0,0.005556210875511169
122,3793,0,0.005250793416053057
122,10,0,0.005063227843493223
122,1608,0,0.005024915561079979
122,1391,0,0.004836023785173893
122,292,0,0.004761028103530407
122,3555,0,0.003978306427598
122,3256,0,0.00389199610799551
122,316,0,0.003841427154839039
123,3564,0,0.024504903703927994
123,3185,0,0.024486273527145386
123,3273,0,0.02074269950389862
123,2719,0,0.015351229347288609
123,3483,0,0.011578939855098724
123,3384,0,0.01020573265850544
123,2762,0,0.008378002792596817
123,2516,0,0.00792729016393423
123,3081,0,0.00754990940913558
123,3794,0,0.007495475001633167
124,36,0,0.05646299198269844
124,296,0,0.037749070674180984
124,1617,0,0.024105193093419075
124,337,0,0.02238963358104229
124,1704,0,0.022360997274518013
124,1719,0,0.02171916328370571
124,866,0,0.02000102773308754
124,2501,0,0.018862532451748848
124,515,0,0.018255850300192833
124,2396,0,0.014672639779746532
125,6,0,0.013250470161437988
125,1370,0,0.0075039248913526535
125,733,0,0.005675525404512882
125,2353,0,0.004418576136231422
125,21,0,0.0034215885680168867
125,2985,0,0.0026927306316792965
125,2001,0,0.002569737611338496
125,1625,0,0.0025445560459047556
125,2058,0,0.002394120441749692
125,3418,0,0.0021591316908597946
126,1674,0,0.016248319298028946
126,58,0,0.009221704676747322
126,534,0,0.008355754427611828
126,1643,0,0.007422100752592087
126,3097,0,0.007121184375137091
126,1357,0,0.006934788078069687
126,1641,0,0.006465693470090628
126,2396,0,0.006441641133278608
126,539,0,0.006015371065586805
126,497,0,0.005357156507670879
127,800,0,0.0023297450970858335
127,1783,0,0.0022138424683362246
127,1748,0,0.0016895924927666783
127,3384,0,0.001555075985379517
127,1245,0,0.001516176969744265
127,1344,0,0.0014703120104968548
127,3702,0,0.001451543066650629
127,1931,0,0.0012168639805167913
127,2664,0,0.0012133273994550109
127,32,0,0.0008671970572322607
128,1035,0,0.011188623495399952
128,551,0,0.010322828777134418
128,661,0,0.008576888591051102
128,2455,0,0.006439507007598877
128,1965,0,0.004902043379843235
128,1171,0,0.004849000368267298
128,2657,1,0.004842754453420639
128,2291,0,0.0032702407333999872
128,3753,0,0.0032047596760094166
128,3624,0,0.0030903664883226156
129,2990,0,0.0006625229143537581
129,1544,0,0.0003331071056891233
129,673,0,0.0003072282997891307
129,2672,0,0.00028684549033641815
129,517,0,0.00025080720661208034
129,1772,0,0.00017465285782236606
129,3156,0,0.00015023589367046952
129,3770,0,0.00014787791587878019
129,288,0,0.00014768188702873886
129,1754,0,0.00014036751235835254
130,2763,0,0.004899394698441029
130,3555,0,0.0032491059973835945
130,3513,0,0.002543603302910924
130,3300,0,0.0024773520417511463
130,648,0,0.0022633979097008705
130,3755,0,0.002091582864522934
130,3744,0,0.002052144380286336
130,3827,0,0.0013347466010600328
130,3384,0,0.0011658750008791685
130,1589,0,0.0010705676395446062
131,3949,0,0.02675100974738598
131,3513,0,0.00821371003985405
131,3160,0,0.005671655759215355
131,2966,0,0.004621652886271477
131,2160,0,0.004439300857484341
131,3827,0,0.0040253228507936
131,3794,0,0.0039900210686028
131,538,0,0.003258654149249196
131,3752,0,0.0031569323036819696
131,924,0,0.0031518933828920126
132,440,0,0.033357471227645874
132,1883,0,0.01874680072069168
132,1042,0,0.016442108899354935
132,52,0,0.015602010302245617
132,1747,0,0.01412471104413271
132,45,0,0.010446696542203426
132,1569,0,0.010320646688342094
132,3253,0,0.006937987171113491
132,1476,0,0.0059034558944404125
132,1641,0,0.004750362131744623
133,3948,0,0.001923252479173243
133,3513,0,0.0016540464712306857
133,3785,0,0.0011431771563366055
133,3481,0,0.0011263026390224695
133,3752,0,0.001038230024278164
133,3946,0,0.0008131585200317204
133,3793,0,0.000802616064902395
133,3751,0,0.0005764273810200393
133,3617,0,0.0005627102800644934
133,3189,0,0.0005393426399677992
134,3513,0,0.02260774001479149
134,3238,0,0.014074912294745445
134,3555,0,0.013889949768781662
134,3316,0,0.012480763718485832
134,3752,0,0.010279959999024868
134,3744,0,0.008040407672524452
134,3355,0,0.007905379869043827
134,3327,0,0.005654142703860998
134,3510,0,0.004135883878916502
134,1089,0,0.0039493306539952755
135,2702,0,0.00834337156265974
135,2571,0,0.008208529092371464
135,3384,0,0.008080712519586086
135,3157,0,0.007960055023431778
135,741,0,0.007616885472089052
135,3798,0,0.0068366131745278835
135,457,0,0.005193873308598995
135,2174,0,0.004492904059588909
135,1240,0,0.004354875534772873
135,47,0,0.003878326155245304
136,195,0,0.007429630029946566
136,2134,0,0.006987693253904581
136,231,0,0.006856598425656557
136,586,0,0.006393341813236475
136,1021,0,0.006111621856689453
136,2683,0,0.005534638185054064
136,2375,0,0.00523310387507081
136,2792,0,0.004993012640625238
136,2335,0,0.00490785064175725
136,3450,0,0.004213172011077404
137,95,0,0.0628371462225914
137,208,0,0.04058628901839256
137,292,0,0.03529568761587143
137,1608,0,0.025148943066596985
137,1379,0,0.02404545620083809
137,1100,0,0.019460462033748627
137,368,0,0.01803262159228325
137,1370,0,0.015323197469115257
137,1769,0,0.013017533347010612
137,1616,0,0.012399531900882721
138,1729,0,0.022177724167704582
138,1589,0,0.018305761739611626
138,1805,0,0.015555021353065968
138,1892,0,0.011047105304896832
138,454,0,0.009840263985097408
138,1732,0,0.008773351088166237
138,2580,0,0.005846683401614428
138,1645,0,0.005429116543382406
138,3386,0,0.005338257644325495
138,1422,0,0.0032973471097648144
139,368,0,0.028630398213863373
139,2115,0,0.012196648865938187
139,1378,0,0.009564449079334736
139,383,0,0.008079792372882366
139,2457,0,0.007330838590860367
139,3698,0,0.006888547446578741
139,2410,0,0.00493847019970417
139,2478,0,0.004061095416545868
139,1370,0,0.003951352555304766
139,2476,0,0.003823155304417014
140,1214,0,0.0037204669788479805
140,527,0,0.002023728098720312
140,1204,0,0.001791102928109467
140,919,0,0.001323691918514669
140,745,0,0.0009628379484638572
140,1206,0,0.0008836651686578989
140,1233,0,0.0007190671749413013
140,2010,0,0.0006984425708651543
140,1263,0,0.0006756586953997612
140,1931,0,0.0006683989777229726
141,1252,0,0.036436066031455994
141,930,0,0.029194476082921028
141,3435,0,0.028102010488510132
141,1267,0,0.019709447398781776
141,2066,0,0.012656738981604576
141,2186,0,0.01157721970230341
141,922,0,0.00789069477468729
141,926,0,0.006899058818817139
141,3334,0,0.0062401252798736095
141,903,0,0.006002649664878845
142,3114,0,0.012333027087152004
142,2396,0,0.011117846705019474
142,3408,0,0.0070369550958275795
142,858,0,0.006414300762116909
142,3897,0,0.006381440442055464
142,1221,0,0.006179450079798698
142,608,0,0.005622264463454485
142,527,0,0.004706121981143951
142,3863,0,0.004591675940901041
142,2324,0,0.004392555449157953
143,1923,0,0.05736563727259636
143,21,0,0.03990611061453819
143,2302,0,0.01805172488093376
143,3253,0,0.016708048060536385
143,1641,0,0.016616957262158394
143,1500,0,0.015118313953280449
143,3174,0,0.01340061891824007
143,1042,0,0.01147468015551567
143,587,0,0.011408697813749313
143,45,0,0.010761972516775131
144,2021,0,0.024454573169350624
144,3471,0,0.016819391399621964
144,1909,0,0.0138697549700737
144,1653,0,0.009921672753989697
144,1206,0,0.009692183695733547
144,2140,0,0.008880075998604298
144,788,0,0.008696791715919971
144,196,0,0.008504645898938179
144,1371,0,0.007363333832472563
144,1097,0,0.006807999685406685
145,3176,0,0.13265132904052734
145,2762,0,0.10625331848859787
145,3081,0,0.05787380784749985
145,2841,0,0.03904098644852638
145,2070,0,0.026240665465593338
145,43,0,0.025628939270973206
145,3157,0,0.023815304040908813
145,3384,0,0.023249227553606033
145,2485,0,0.019518399611115456
145,2598,0,0.01854672096669674
146,930,0,0.020107291638851166
146,942,0,0.018553026020526886
146,1252,0,0.016936486586928368
146,904,0,0.015888286754488945
146,2203,0,0.011701771058142185
146,2940,0,0.010201702825725079
146,3334,0,0.008462917990982533
146,2360,0,0.007947999984025955
146,1152,0,0.006812664680182934
146,2186,0,0.0066173989325761795
147,3624,0,0.17805901169776917
147,3555,0,0.04375458136200905
147,3409,0,0.037520408630371094
147,3753,0,0.03392920643091202
147,3316,0,0.025038760155439377
147,3946,0,0.02066482976078987
147,3745,0,0.0123182637616992
147,3484,0,0.011037067510187626
147,3578,0,0.010351648554205894
147,3821,0,0.009706683456897736
148,1381,0,0.02837923914194107
148,1772,0,0.027323756366968155
148,2383,0,0.0173252634704113
148,3114,0,0.015505491755902767
148,2092,0,0.013371139764785767
148,3004,0,0.012820928357541561
148,3022,0,0.010741216130554676
148,3564,0,0.010282984934747219
148,2701,0,0.009406696073710918
148,1204,0,0.008605639450252056
149,1982,0,0.009252096526324749
149,2160,0,0.008897175081074238
149,1252,0,0.00842900387942791
149,3089,0,0.008090963587164879
149,954,0,0.007376136723905802
149,2997,0,0.00726428022608161
149,2940,0,0.007066256366670132
149,927,0,0.0063028777949512005
149,946,0,0.006101639475673437
149,2634,0,0.0060079703107476234
150,3893,0,0.025354254990816116
150,3911,0,0.02271052822470665
150,3952,0,0.017197472974658012
150,3852,0,0.0124649154022336
150,3481,0,0.010331210680305958
150,3915,0,0.009914359077811241
150,3946,0,0.009134402498602867
150,2769,0,0.00906477402895689
150,3823,0,0.009038561955094337
150,3783,0,0.008472387678921223
151,3948,0,0.041796859353780746
151,2940,0,0.029101554304361343
151,3946,0,0.02786382846534252
151,3911,0,0.018949713557958603
151,1252,0,0.01821497082710266
151,3794,0,0.017443090677261353
151,3893,0,0.01629668101668358
151,3534,0,0.014328502118587494
151,3915,0,0.013349272310733795
151,3897,0,0.013279314152896404
152,3421,0,0.04085017368197441
152,1270,0,0.039834510535001755
152,2918,0,0.036647625267505646
152,1080,0,0.015333468094468117
152,1079,0,0.011174390092492104
152,2997,0,0.01116898749023676
152,1265,0,0.009677893482148647
152,1394,0,0.009422356262803078
152,3868,0,0.009352285414934158
152,1269,0,0.0073149860836565495
153,3081,0,0.13527925312519073
153,3157,0,0.022732045501470566
153,2724,0,0.01716342754662037
153,3273,0,0.016312992200255394
153,3176,0,0.015504191629588604
153,3752,0,0.01518306415528059
153,3185,0,0.012917955406010151
153,3753,0,0.012595590204000473
153,2961,0,0.011577432043850422
153,3793,0,0.011286706663668156
154,1259,0,0.005269734188914299
154,1269,0,0.003668813733384013
154,908,0,0.003527634544298053
154,3408,0,0.0035115848295390606
154,1673,0,0.0019471213454380631
154,3555,0,0.001538835116662085
154,1997,0,0.0013145883567631245
154,3510,0,0.0012770555913448334
154,144,0,0.0012070349184796214
154,3481,0,0.0010351799428462982
155,1250,0,0.009624225087463856
155,1299,0,0.005473002791404724
155,908,0,0.004619209561496973
155,1945,0,0.004073985852301121
155,1280,0,0.003733664285391569
155,17,0,0.0032990931067615747
155,36,0,0.003108873264864087
155,527,0,0.003080100053921342
155,1206,0,0.002911107614636421
155,265,0,0.002910215174779296
156,969,0,0.0037381865549832582
156,898,0,0.002838950837031007
156,1674,0,0.0022003345657140017
156,3424,0,0.0018507729982957244
156,1230,0,0.0017594285309314728
156,1231,0,0.0010816516587510705
156,2248,0,0.0009989324025809765
156,1244,0,0.0009053156245499849
156,3543,0,0.0007796817808412015
156,1968,0,0.0007487953407689929
157,293,0,0.004456077236682177
157,555,0,0.0028150195721536875
157,6,0,0.0024229777045547962
157,1953,0,0.0022716782987117767
157,1089,0,0.0016010324470698833
157,608,0,0.0011585763422772288
157,1945,0,0.0010654490906745195
157,2951,0,0.0007601676625199616
157,36,0,0.000744509743526578
157,3359,0,0.0007336533162742853
158,1212,0,0.058669742196798325
158,3730,0,0.04143321514129639
158,1193,0,0.02474907971918583
158,750,0,0.023647164925932884
158,1617,0,0.019701074808835983
158,527,0,0.0190886277705431
158,2203,0,0.018316591158509254
158,3095,0,0.0172412246465683
158,1207,0,0.015357640571892262
158,1178,0,0.015025018714368343
159,3081,0,0.03494175896048546
159,2702,0,0.028198882937431335
159,2841,0,0.023823732510209084
159,3157,0,0.02305506356060505
159,3176,0,0.022471092641353607
159,2692,0,0.019411198794841766
159,2701,0,0.016460878774523735
159,2491,0,0.014331251382827759
159,2700,0,0.014137687161564827
159,2961,0,0.013898738659918308
160,3798,1,0.027595285326242447
160,3565,0,0.013126473873853683
160,3273,0,0.012594294734299183
160,3952,0,0.010810468345880508
160,3615,0,0.008659462444484234
160,3753,0,0.0077817561104893684
160,3624,0,0.006822437979280949
160,3897,0,0.006340028252452612
160,3785,0,0.006338189821690321
160,3578,0,0.0061896685510873795
161,1589,0,0.015309578739106655
161,16,0,0.013896618038415909
161,2194,0,0.012004978023469448
161,3044,0,0.01116697583347559
161,2231,0,0.011043588630855083
161,1059,0,0.010844594798982143
161,1732,0,0.00955356564372778
161,454,0,0.008322800509631634
161,2739,0,0.007115240674465895
161,1466,0,0.006416881922632456
162,434,0,0.0012946448987349868
162,3156,0,0.001021621865220368
162,3705,0,0.000883303175214678
162,552,1,0.0007305234903469682
162,195,0,0.0006990142283029854
162,367,0,0.000544954149518162
162,736,0,0.0005138272535987198
162,1569,0,0.0004485460522118956
162,1544,0,0.00043907511280849576
162,1126,0,0.0004380111349746585
163,2162,0,0.0051767840050160885
163,3439,0,0.0031568827107548714
163,2253,0,0.002200180198997259
163,1772,0,0.0021555148996412754
163,558,0,0.0020961035043001175
163,160,0,0.00191867898683995
163,653,0,0.0018376830266788602
163,2450,0,0.0016934422310441732
163,2807,0,0.00154485076200217
163,181,0,0.0015253113815560937
164,3893,0,0.002869042567908764
164,3948,0,0.002385738305747509
164,914,0,0.0016642737900838256
164,3952,0,0.0012510964879766107
164,3510,0,0.0010165825951844454
164,2396,0,0.001003849203698337
164,3623,0,0.0009740024106577039
164,3949,0,0.0008800238720141351
164,3753,0,0.0007704695453867316
164,3483,0,0.0006534807034768164
165,2455,0,0.01579085737466812
165,1077,0,0.004725532606244087
165,2657,0,0.003994729369878769
165,2916,0,0.0034742688294500113
165,2985,0,0.0033306588884443045
165,480,0,0.0026608475018292665
165,2407,0,0.0024678700137883425
165,2021,0,0.002369110006839037
165,3793,0,0.002290249802172184
165,1527,0,0.002047425601631403
166,3911,0,0.016039704903960228
166,3615,0,0.013802500441670418
166,3752,0,0.00857426319271326
166,1252,0,0.007318099495023489
166,3897,0,0.007301696576178074
166,2693,0,0.006970982998609543
166,3793,0,0.006567069329321384
166,3952,0,0.006268911529332399
166,2908,0,0.005815817974507809
166,3910,0,0.005139259155839682
167,2335,0,0.008485373109579086
167,2245,0,0.007209073752164841
167,1958,0,0.006809273734688759
167,1888,0,0.00548130739480257
167,852,0,0.004917820915579796
167,2146,0,0.004867106210440397
167,2375,0,0.004090148955583572
167,222,0,0.003418845823034644
167,2145,0,0.0033208418171852827
167,3614,0,0.0032785364892333746
168,661,0,0.06392994523048401
168,595,0,0.051391083747148514
168,2687,0,0.02268863096833229
168,3157,0,0.02221834659576416
168,1380,0,0.01952171139419079
168,1032,0,0.017561104148626328
168,2161,0,0.016187161207199097
168,1022,0,0.014340954832732677
168,1282,0,0.013860317878425121
168,594,0,0.013758647255599499
169,3159,0,0.02603618986904621
169,586,0,0.019017627462744713
169,48,0,0.011099549941718578
169,3675,0,0.00953052006661892
169,2399,0,0.009475658647716045
169,2141,0,0.008985930122435093
169,3578,0,0.008707053028047085
169,107,0,0.008584489114582539
169,3615,0,0.007919194176793098
169,3624,0,0.00774124450981617
170,2881,0,0.0446028932929039
170,223,0,0.04024481400847435
170,2908,0,0.03875425457954407
170,3543,0,0.03537081554532051
170,2428,0,0.030816614627838135
170,3005,0,0.030778447166085243
170,3203,0,0.02619864232838154
170,2355,0,0.02551155723631382
170,2433,0,0.0234653502702713
170,2188,0,0.017828816547989845
171,942,0,0.016184406355023384
171,904,0,0.0037454671692103148
171,1086,0,0.001715624239295721
171,1248,0,0.0015395140508189797
171,930,0,0.001475518918596208
171,800,0,0.0011865617707371712
171,1252,0,0.0008862552931532264
171,50,0,0.00086258037481457
171,3683,0,0.0006536890286952257
171,2186,0,0.0006335058715194464
172,2066,0,0.13216714560985565
172,942,0,0.0871761366724968
172,2940,0,0.03092854656279087
172,1252,0,0.020563330501317978
172,1248,0,0.015555024147033691
172,903,0,0.014581402763724327
172,950,0,0.013394640758633614
172,3384,0,0.012437837198376656
172,1069,0,0.012033317238092422
172,904,0,0.01133006252348423
173,1944,0,0.017376387491822243
173,272,0,0.01690923050045967
173,36,0,0.016795113682746887
173,154,0,0.013620777055621147
173,927,0,0.012961016967892647
173,1719,0,0.01185533031821251
173,954,0,0.011064530350267887
173,1263,0,0.009699543006718159
173,1207,0,0.009153561666607857
173,3090,0,0.008779164403676987
174,329,0,0.04372566193342209
174,2334,0,0.013904199004173279
174,1587,0,0.009506557136774063
174,1754,0,0.009271154180169106
174,95,0,0.006849609315395355
174,3770,0,0.006283747963607311
174,3698,0,0.006085038185119629
174,2989,0,0.005453253630548716
174,1552,0,0.005168640520423651
174,292,0,0.005120986606925726
175,2700,0,0.016682913526892662
175,1885,0,0.014861167408525944
175,3006,0,0.012551732361316681
175,1732,0,0.00937599502503872
175,3481,0,0.009346149861812592
175,1678,0,0.008627827279269695
175,1643,0,0.008580341935157776
175,1449,0,0.007708111312240362
175,529,0,0.007188022136688232
175,2396,0,0.0068542324006557465
176,2380,0,0.04284581542015076
176,2792,0,0.03637182340025902
176,1091,0,0.020472852513194084
176,2379,0,0.015460500493645668
176,3690,0,0.014405633322894573
176,3688,0,0.013667259365320206
176,2374,0,0.009039035066962242
176,429,0,0.008106909692287445
176,2421,0,0.0075996266677975655
176,2381,0,0.007088171783834696
177,2396,0,0.00938897579908371
177,2542,0,0.008249975740909576
177,2700,0,0.003738979808986187
177,1266,0,0.0028057140298187733
177,3793,0,0.0026172990910708904
177,296,0,0.0023196598049253225
177,608,0,0.002078072866424918
177,1617,0,0.0019819503650069237
177,32,0,0.0018270184518769383
177,2329,0,0.0015946347266435623
178,901,0,0.024687258526682854
178,2085,0,0.021791396662592888
178,616,0,0.01983385905623436
178,2877,0,0.01824813149869442
178,1381,0,0.013215341605246067
178,1012,0,0.010197003372013569
178,918,0,0.009764811024069786
178,3600,0,0.009340040385723114
178,1088,0,0.008907880634069443
178,3671,0,0.008038375526666641
179,2807,0,0.06417428702116013
179,2034,0,0.034755393862724304
179,160,0,0.03467359021306038
179,1862,0,0.03131353482604027
179,880,0,0.02865421399474144
179,1591,0,0.02717001922428608
179,2450,0,0.022751856595277786
179,1779,0,0.01884808950126171
179,1882,0,0.016150861978530884
179,3802,0,0.015494819730520248
180,3624,0,0.03377462178468704
180,3513,0,0.006529544480144978
180,3946,0,0.006190721411257982
180,3752,0,0.0060305483639240265
180,3911,0,0.005344165954738855
180,3555,0,0.0037407029885798693
180,3536,0,0.0032188373152166605
180,3793,0,0.0030260609928518534
180,3858,0,0.002628217451274395
180,3566,0,0.002551182173192501
181,337,0,0.04096630960702896
181,1393,0,0.019875118508934975
181,1089,0,0.019359633326530457
181,1095,0,0.013239619322121143
181,2289,0,0.010490520857274532
181,1914,0,0.01005522720515728
181,1179,0,0.008374914526939392
181,1466,0,0.00619429349899292
181,1885,0,0.005720892921090126
181,1834,0,0.005591233726590872
182,3147,0,0.04215104505419731
182,608,0,0.022243445739150047
182,36,0,0.018382228910923004
182,457,0,0.014427738264203072
182,318,0,0.011844923719763756
182,3793,0,0.011623346246778965
182,1617,0,0.010852443054318428
182,3006,0,0.009753989987075329
182,2997,0,0.009378724731504917
182,1704,0,0.00783644150942564
183,898,0,0.004462465178221464
183,1944,0,0.003393998835235834
183,1245,0,0.002702707890421152
183,1276,0,0.0019794327672570944
183,1282,0,0.001897788024507463
183,2565,0,0.0017041831742972136
183,928,0,0.00160767522174865
183,1247,0,0.0015893757808953524
183,2664,0,0.0015378842363134027
183,3163,0,0.0013929513515904546
184,1029,0,0.055188506841659546
184,616,0,0.04751359671354294
184,783,0,0.026639776304364204
184,48,0,0.025929028168320656
184,2139,0,0.02440188266336918
184,2092,0,0.015488999895751476
184,1688,0,0.010231162421405315
184,661,0,0.010083210654556751
184,1012,0,0.009166711941361427
184,3675,0,0.008514726534485817
185,95,0,0.006256268825381994
185,1499,0,0.0037416184786707163
185,1379,0,0.0035047593992203474
185,1772,0,0.0031857332214713097
185,1100,0,0.0030221128836274147
185,434,0,0.0027864621952176094
185,1438,0,0.0027227045502513647
185,517,0,0.0024751953314989805
185,1769,0,0.0016582743264734745
185,172,0,0.0016440370818600059
186,2702,0,0.09938336908817291
186,2841,0,0.033330049365758896
186,2762,0,0.024576975032687187
186,2961,0,0.02324228733778
186,2396,0,0.017622962594032288
186,3157,0,0.01738409511744976
186,2724,0,0.011381278745830059
186,2700,0,0.009186284616589546
186,3384,0,0.007686363998800516
186,2806,0,0.007614034228026867
187,48,0,0.0181350689381361
187,1405,0,0.010615094564855099
187,1732,0,0.009588882327079773
187,236,0,0.008199826814234257
187,691,0,0.007977132685482502
187,1453,0,0.0072357249446213245
187,1410,0,0.006347333546727896
187,368,0,0.00633717468008399
187,2581,0,0.006042867433279753
187,1895,0,0.006034617777913809
188,2700,0,0.02312612161040306
188,3176,0,0.021379008889198303
188,3745,0,0.011110933497548103
188,2841,0,0.00957338698208332
188,2762,0,0.00881266687065363
188,3273,0,0.00761787686496973
188,3157,0,0.006403614766895771
188,2485,0,0.005958645138889551
188,3185,0,0.005846139509230852
188,3081,0,0.005707872100174427
189,457,0,0.006009229924529791
189,2571,0,0.005827156826853752
189,1233,0,0.00581399817019701
189,1222,0,0.003480904968455434
189,1610,0,0.003336692927405238
189,110,0,0.002070436952635646
189,1263,0,0.0019488621037453413
189,589,0,0.0019453265704214573
189,1196,0,0.0019312319345772266
189,527,0,0.0018154957797378302
190,1971,0,0.014362595975399017
190,1981,0,0.004242837429046631
190,2338,0,0.0041365837678313255
190,3593,0,0.0037044838536530733
190,1972,0,0.003697673324495554
190,1327,0,0.0032646111212670803
190,2516,0,0.002798842964693904
190,3017,0,0.002744872123003006
190,3483,0,0.002648663241416216
190,1983,0,0.0026328174863010645
191,2174,0,0.015836823731660843
191,3157,0,0.0149171631783247
191,3052,0,0.01393085066229105
191,3247,0,0.01355215534567833
191,3263,0,0.011616394855082035
191,317,0,0.011559873819351196
191,3004,0,0.011219155974686146
191,2572,0,0.010345669463276863
191,2694,0,0.010082023218274117
191,2683,0,0.009639372117817402
192,3948,0,0.023548083379864693
192,3536,0,0.015602980740368366
192,3882,0,0.012596684508025646
192,1261,0,0.009611438028514385
192,3538,0,0.007909359410405159
192,3949,1,0.007450377568602562
192,1252,0,0.007380722556263208
192,3893,0,0.006899257656186819
192,2160,0,0.006788224913179874
192,3421,0,0.006524638272821903
193,1719,0,0.024888690561056137
193,1179,0,0.015459863469004631
193,898,0,0.013710349798202515
193,2324,0,0.01054939441382885
193,1095,0,0.008998677134513855
193,2599,0,0.008834908716380596
193,3007,0,0.008712655864655972
193,515,0,0.008332982659339905
193,176,0,0.007885809056460857
193,1188,0,0.007853229530155659
194,231,0,0.09294825047254562
194,2683,0,0.018188362941145897
194,370,0,0.014648857526481152
194,2335,0,0.013298644684255123
194,1474,0,0.01314118504524231
194,3,0,0.012835233472287655
194,2706,0,0.011791428551077843
194,195,0,0.011643882840871811
194,1405,0,0.00987369753420353
194,788,0,0.009172416292130947
195,3770,0,0.001030544750392437
195,2985,0,0.0008309957338497043
195,2115,0,0.0006608490366488695
195,1073,0,0.0005647387588396668
195,1580,0,0.0004707101034000516
195,3771,0,0.0004198821843601763
195,316,0,0.00039055594243109226
195,2457,0,0.00033935694955289364
195,2657,0,0.0003284356789663434
195,2105,0,0.0003153144789393991
196,924,0,0.042640067636966705
196,1748,0,0.04206978902220726
196,3176,0,0.027311915531754494
196,1344,0,0.025324733927845955
196,541,0,0.020981840789318085
196,164,0,0.016359791159629822
196,3683,0,0.015496504493057728
196,2571,0,0.01438412070274353
196,47,0,0.01378194335848093
196,1805,0,0.009428835473954678
197,3148,0,0.032724376767873764
197,3536,0,0.023058060556650162
197,2291,0,0.01817311905324459
197,2396,0,0.01707356423139572
197,2791,0,0.006713040638715029
197,1249,0,0.005829985253512859
197,3948,0,0.0051435925997793674
197,1171,0,0.00427861837670207
197,589,0,0.0036529074423015118
197,2858,1,0.0035819413606077433
198,3826,0,0.0036065487656742334
198,3948,0,0.0035727079957723618
198,3316,0,0.0027347560971975327
198,3513,0,0.0027308103162795305
198,3911,0,0.0022962603252381086
198,3536,0,0.0020487583242356777
198,3615,0,0.0019928484689444304
198,3753,0,0.0019923667423427105
198,3827,0,0.0016194675117731094
198,3328,0,0.00158806168474257
199,1888,0,0.030615631490945816
199,852,0,0.018005261197686195
199,2497,0,0.016858313232660294
199,3257,0,0.01234113983809948
199,276,0,0.008634698577225208
199,236,0,0.007809222675859928
199,195,0,0.007183399051427841
199,802,0,0.007036452181637287
199,361,0,0.0065361508168280125
199,1100,0,0.006274755112826824
200,2881,0,0.029151657596230507
200,2369,0,0.020161360502243042
200,2433,0,0.014915728941559792
200,2541,0,0.01324776466935873
200,3203,0,0.0120856249704957
200,2336,0,0.011145804077386856
200,1093,0,0.00993851013481617
200,3543,0,0.009852915070950985
200,2959,0,0.008018197491765022
200,2688,0,0.0077598015777766705
201,3893,0,0.026085199788212776
201,3952,0,0.013727711513638496
201,3858,0,0.011490504257380962
201,3555,0,0.01016264408826828
201,3148,0,0.010107339359819889
201,3946,0,0.010089411400258541
201,3481,0,0.009658319875597954
201,3624,0,0.007584199775010347
201,3915,0,0.007527651730924845
201,3513,0,0.00698942132294178
202,2096,0,0.03986562788486481
202,616,0,0.032205384224653244
202,783,0,0.028201941400766373
202,48,0,0.017922859638929367
202,3675,0,0.016475511714816093
202,1688,0,0.015230339951813221
202,2142,0,0.014431393705308437
202,2139,0,0.01432274840772152
202,1907,0,0.012782824225723743
202,2090,0,0.011634599417448044
203,510,0,0.03715284913778305
203,1453,0,0.024196015670895576
203,169,0,0.016704821959137917
203,236,0,0.014390750788152218
203,93,0,0.012168661691248417
203,102,0,0.011802282184362411
203,429,0,0.010361547581851482
203,195,0,0.010276958346366882
203,54,0,0.008804426528513432
203,447,0,0.008490299805998802
204,2405,0,0.013627332635223866
204,1958,0,0.007728906814008951
204,2416,0,0.005178190767765045
204,2471,0,0.003296218579635024
204,1373,0,0.0032756272703409195
204,2375,0,0.002611062489449978
204,1091,0,0.002475663088262081
204,2518,0,0.002390401205047965
204,2245,0,0.0019525985699146986
204,2133,0,0.0019362046150490642
205,903,0,0.0024918082635849714
205,1207,0,0.0023180311545729637
205,3629,0,0.001674771890975535
205,1280,0,0.001449431641958654
205,720,0,0.0011488490272313356
205,1945,0,0.00113839958794415
205,1252,0,0.0010682883439585567
205,50,0,0.0009538181475363672
205,1230,0,0.0009504802292212844
205,3683,0,0.0009327894658781588
206,1240,0,0.031297311186790466
206,1206,0,0.018098609521985054
206,1214,1,0.014224753715097904
206,541,0,0.007352736312896013
206,1301,0,0.007076521869748831
206,1199,0,0.00674887839704752
206,589,0,0.006088570225983858
206,32,0,0.005494590848684311
206,2664,0,0.005115786101669073
206,1210,0,0.004985050763934851
207,3753,0,0.02572181634604931
207,1544,0,0.01400104258209467
207,3409,0,0.012642068788409233
207,3300,0,0.012181248515844345
207,1965,0,0.01112376805394888
207,648,0,0.010766416788101196
207,3452,0,0.010512149892747402
207,3515,0,0.007580070290714502
207,3926,0,0.007554339244961739
207,3594,0,0.007212244905531406
208,2804,0,0.0030165414791554213
208,2402,0,0.0029848599806427956
208,2922,0,0.0029549594037234783
208,1225,0,0.00295064109377563
208,969,0,0.002844997216016054
208,590,0,0.002408647211268544
208,1256,0,0.002338740509003401
208,2863,0,0.0021404430735856295
208,527,0,0.0019733754452317953
208,1272,0,0.0019135550828650594
209,3543,0,0.0048911054618656635
209,2580,0,0.004387039691209793
209,2369,0,0.0038807126693427563
209,2690,0,0.0031039868481457233
209,2688,0,0.0028736768290400505
209,2712,0,0.0024691696744412184
209,2716,0,0.002351153176277876
209,2318,0,0.0021897514816373587
209,2976,0,0.0019907865207642317
209,2605,0,0.001890653744339943
210,2807,0,0.06751047819852829
210,2053,0,0.019314447417855263
210,405,0,0.0191712137311697
210,2986,0,0.018284423276782036
210,327,0,0.017939526587724686
210,2549,0,0.015944944694638252
210,2835,0,0.011459712870419025
210,2422,0,0.010365623980760574
210,1882,0,0.007967798039317131
210,169,0,0.00777283962816
211,1971,0,0.15956276655197144
211,1970,0,0.057541996240615845
211,1973,0,0.04500056430697441
211,1972,0,0.01759198121726513
211,1969,0,0.01659836620092392
211,3923,0,0.014008546248078346
211,2399,0,0.01071785669773817
211,3930,0,0.009590685367584229
211,1986,0,0.009560960344970226
211,3,0,0.007837314158678055
212,3948,0,0.009488889016211033
212,3952,0,0.0033386480063199997
212,3911,0,0.0032685818150639534
212,318,0,0.002819701796397567
212,3006,0,0.0027083170134574175
212,3897,0,0.002315307268872857
212,2858,0,0.002132461639121175
212,3148,0,0.0018656973261386156
212,3893,0,0.0016311215003952384
212,1193,0,0.0015317797660827637
213,1485,0,0.01596245914697647
213,1777,0,0.012224125675857067
213,539,0,0.010008541867136955
213,597,0,0.008485888130962849
213,3157,0,0.007597033400088549
213,357,0,0.00743673462420702
213,543,0,0.006728631444275379
213,231,0,0.005363072268664837
213,2581,0,0.005019716918468475
213,1517,0,0.004832748789340258
214,195,0,0.0853344202041626
214,830,0,0.03634003922343254
214,1453,0,0.02134738303720951
214,2485,0,0.01628544181585312
214,93,0,0.011869054287672043
214,236,0,0.010852334089577198
214,419,0,0.01053955964744091
214,3,0,0.010468357242643833
214,1839,0,0.010130200535058975
214,2325,0,0.009706947021186352
215,2762,0,0.012614334933459759
215,541,0,0.010149963200092316
215,1748,0,0.0053386385552585125
215,2872,0,0.0038889364805072546
215,2193,0,0.0033535072579979897
215,1196,0,0.0032201006542891264
215,2174,0,0.002930424176156521
215,3175,0,0.0027542561292648315
215,1199,0,0.002342547755688429
215,3269,0,0.0023086220026016235
216,1805,0,0.022310586646199226
216,1597,0,0.014519015327095985
216,2990,0,0.012271537445485592
216,1711,0,0.011720196343958378
216,1370,0,0.010864024050533772
216,350,0,0.010297020897269249
216,288,0,0.009581344202160835
216,1092,0,0.009139465168118477
216,2194,0,0.008586753159761429
216,1339,0,0.007565193343907595
217,3753,0,0.0861734077334404
217,3623,0,0.03363203629851341
217,3555,0,0.02187468111515045
217,3300,0,0.014294950291514397
217,3793,0,0.012905977666378021
217,3755,0,0.010481374338269234
217,3513,0,0.010020557790994644
217,3744,0,0.008740448392927647
217,3752,0,0.008529968559741974
217,3624,0,0.006868548225611448
218,3536,0,0.017492664977908134
218,3481,0,0.012063373811542988
218,3952,0,0.007553657982498407
218,3882,0,0.007406581658869982
218,3316,0,0.007373316679149866
218,3624,0,0.007105695083737373
218,3948,0,0.006976330652832985
218,3566,0,0.0068242354318499565
218,3793,0,0.006631531286984682
218,3328,0,0.006317607127130032
219,2702,0,0.010491187684237957
219,3081,0,0.007296547759324312
219,3157,0,0.005258343648165464
219,2724,0,0.004985555540770292
219,3176,0,0.0040016802959144115
219,2840,0,0.00346962152980268
219,2692,0,0.003458993276581168
219,2395,0,0.0029092966578900814
219,2841,0,0.002668318571522832
219,2485,0,0.002066574292257428
220,1213,0,0.008267070166766644
220,608,0,0.006021426059305668
220,50,0,0.004280039109289646
220,2762,0,0.0013713082298636436
220,1252,0,0.001125245587900281
220,2858,0,0.0010629326570779085
220,1280,0,0.000925266882404685
220,593,0,0.0008304513758048415
220,3006,0,0.0008138847188092768
220,1089,0,0.0007838481687940657
221,350,0,0.01752295345067978
221,3476,0,0.01080148946493864
221,253,0,0.00826667807996273
221,1343,0,0.004628376569598913
221,1805,0,0.004094189498573542
221,164,0,0.003552837297320366
221,2338,0,0.002824875060468912
221,1644,0,0.002741823438555002
221,1729,0,0.002724363934248686
221,482,0,0.0025712454225867987
222,3624,0,0.06251735240221024
222,3536,0,0.027100801467895508
222,3753,0,0.026089631021022797
222,3513,1,0.022700248286128044
222,3755,0,0.021269433200359344
222,661,0,0.02054956927895546
222,3300,0,0.014566365629434586
222,3148,0,0.013542094267904758
222,3535,0,0.011259278282523155
222,3911,0,0.011118472553789616
223,2875,0,0.005836963187903166
223,1711,0,0.0053904191590845585
223,996,0,0.002787100849673152
223,1690,0,0.0024802833795547485
223,736,0,0.0023336599115282297
223,2826,0,0.002113916212692857
223,3249,0,0.00191367301158607
223,170,0,0.0018837411189451814
223,368,0,0.0018114008707925677
223,1732,0,0.0017834536265581846
224,2997,0,0.007191701792180538
224,2791,0,0.005110680591315031
224,2174,0,0.005067677237093449
224,101,0,0.004290167707949877
224,1079,0,0.0037241517566144466
224,3624,0,0.00346785644069314
224,21,0,0.002892252989113331
224,3578,0,0.0027518528513610363
224,1466,0,0.002612475538626313
224,2918,0,0.0023316817823797464
225,1466,0,0.022865895181894302
225,1094,0,0.022580832242965698
225,1682,0,0.022433049976825714
225,1673,0,0.017128491774201393
225,515,0,0.014001830480992794
225,17,0,0.012559924274682999
225,1393,0,0.011930515989661217
225,337,0,0.01062370091676712
225,1120,0,0.010372867807745934
225,412,0,0.009635071270167828
226,3210,0,0.0326753593981266
226,2000,0,0.03216216713190079
226,2020,0,0.0266655832529068
226,1197,0,0.024833722040057182
226,1231,0,0.024079160764813423
226,2248,0,0.02390984073281288
226,1394,0,0.020904652774333954
226,1674,0,0.01550027821213007
226,2918,0,0.014677202329039574
226,3360,0,0.014449226669967175
227,3176,0,0.029826544225215912
227,3081,0,0.02086092159152031
227,2961,0,0.014391531236469746
227,2702,0,0.012149817310273647
227,3157,0,0.0111521165817976
227,2700,0,0.007426644675433636
227,2763,0,0.005915765650570393
227,3384,0,0.0056120664812624454
227,2724,0,0.004896644968539476
227,2806,0,0.004486225079745054
228,3646,0,0.021017296239733696
228,3273,0,0.017017191275954247
228,3515,0,0.016339441761374474
228,3826,0,0.01496799010783434
228,3624,0,0.01473610196262598
228,3484,0,0.013211906887590885
228,3755,0,0.012902327813208103
228,3798,0,0.008822520263493061
228,3863,0,0.008148307912051678
228,3617,0,0.006748635321855545
229,2762,0,0.01674371026456356
229,3948,0,0.009729688987135887
229,32,0,0.009140238165855408
229,1188,0,0.00864572823047638
229,21,0,0.007623349316418171
229,1393,0,0.00712205795571208
229,1885,0,0.007074468769133091
229,2194,0,0.00702071376144886
229,2571,0,0.006640107370913029
229,3536,0,0.006634570192545652
230,3578,0,0.03678842633962631
230,3624,0,0.03434586152434349
230,3317,0,0.029561897739768028
230,3408,0,0.02418937161564827
230,3300,0,0.021781057119369507
230,3858,0,0.01857168786227703
230,3752,0,0.01687156967818737
230,3536,0,0.01598149724304676
230,3852,0,0.01560699287801981
230,3409,0,0.015488366596400738
231,3615,0,0.03375538811087608
231,3821,0,0.018655428662896156
231,3511,0,0.01796155981719494
231,3889,0,0.016999129205942154
231,3755,0,0.014775403775274754
231,3646,0,0.014218638651072979
231,3946,0,0.012479123659431934
231,1972,0,0.011807642877101898
231,3555,0,0.011645653285086155
231,3826,0,0.011426059529185295
232,500,0,0.04980073124170303
232,3614,0,0.024950414896011353
232,1569,0,0.024337876588106155
232,1476,0,0.0235076155513525
232,597,0,0.01621069759130478
232,2699,0,0.01593986712396145
232,3261,0,0.01579449139535427
232,1485,0,0.015276454389095306
232,3263,0,0.013560292311012745
232,2683,0,0.013109243474900723
233,17,0,0.006248496472835541
233,1393,0,0.004930213559418917
233,1682,0,0.003951007965952158
233,1094,0,0.00256975251249969
233,272,0,0.0020626066252589226
233,2571,0,0.0016266261227428913
233,1266,0,0.0014966658782213926
233,34,0,0.0014291421975940466
233,2291,0,0.001318063004873693
233,32,0,0.0013094880850985646
234,1231,0,0.04309627041220665
234,1945,0,0.027446676045656204
234,1094,0,0.014650147408246994
234,515,0,0.012224655598402023
234,866,0,0.008998671546578407
234,246,0,0.00899058673530817
234,2067,0,0.007047141902148724
234,2762,0,0.006953266449272633
234,3019,0,0.006929500959813595
234,1084,0,0.006849916651844978
235,1095,0,0.023602409288287163
235,281,0,0.017106710001826286
235,1682,0,0.014493231661617756
235,3794,0,0.013397516682744026
235,2390,0,0.011441245675086975
235,32,0,0.011320007964968681
235,515,0,0.009861155413091183
235,2585,0,0.009173505939543247
235,538,0,0.008395589888095856
235,1245,0,0.00782662071287632
236,2194,0,0.014239680022001266
236,2985,1,0.006169393192976713
236,592,0,0.006132536567747593
236,2174,0,0.005521470680832863
236,1129,0,0.0052053555846214294
236,480,0,0.004920327104628086
236,2763,0,0.004823528695851564
236,2115,0,0.004762543365359306
236,3104,0,0.00456041656434536
236,1580,0,0.004231797065585852
237,2657,0,0.00798213854432106
237,1998,0,0.005539185367524624
237,2455,0,0.004906908143311739
237,2160,0,0.004190180450677872
237,2121,0,0.003158630570396781
237,2081,1,0.0031527273822575808
237,1339,0,0.0028365065809339285
237,1345,0,0.0026380110066384077
237,1350,0,0.002553180791437626
237,253,0,0.0023978303652256727
238,1179,0,0.012991108931601048
238,3794,0,0.009493505582213402
238,2231,0,0.008926453068852425
238,1187,0,0.008425824344158173
238,363,0,0.007910521700978279
238,2866,0,0.007795032579451799
238,2725,0,0.007749936077743769
238,320,0,0.006817192770540714
238,2312,0,0.006163562182337046
238,2333,0,0.005998580250889063
239,2762,0,0.008399669080972672
239,32,0,0.004856237675994635
239,2396,0,0.003841864177957177
239,2692,0,0.0035297535359859467
239,608,0,0.0035059957299381495
239,3513,0,0.0031584594398736954
239,3948,0,0.0028131920844316483
239,3793,0,0.002665475243702531
239,1041,0,0.0025106105022132397
239,2579,0,0.0024983815383166075
240,1393,0,0.012042142450809479
240,1729,0,0.003113544313237071
240,628,0,0.003054859349504113
240,1682,0,0.002597066108137369
240,110,0,0.002449529245495796
240,2396,0,0.0022306866012513638
240,21,0,0.0019973800517618656
240,1358,0,0.0019354886608198285
240,1610,0,0.0019100192002952099
240,3260,0,0.0018523180624470115
241,1370,0,0.004737325012683868
241,2058,0,0.004143941681832075
241,3256,0,0.003838880453258753
241,1580,0,0.0032227174378931522
241,1610,0,0.0024689529091119766
241,377,0,0.002138306852430105
241,2353,0,0.0018382868729531765
241,493,0,0.0015188027173280716
241,1343,0,0.0015144202625378966
241,733,0,0.001513191731646657
242,1617,0,0.009903947822749615
242,3948,0,0.003705895971506834
242,1041,0,0.002209540456533432
242,3513,0,0.0018803668208420277
242,904,0,0.001869403407908976
242,3327,0,0.0017255758866667747
242,2010,0,0.0017187927151098847
242,928,0,0.0016254216898232698
242,3565,0,0.001617744448594749
242,1589,0,0.0015871641226112843
243,1965,0,0.009077242575585842
243,2804,0,0.007990952581167221
243,2396,0,0.004925224930047989
243,1394,0,0.004783268086612225
243,1278,0,0.0043325568549335
243,1080,0,0.004247698001563549
243,3361,0,0.004131009802222252
243,1238,0,0.003566028317436576
243,1968,1,0.0033366093412041664
243,3210,0,0.003155918326228857
244,593,0,0.003299156902357936
244,527,0,0.003196490928530693
244,318,0,0.00318361003883183
244,608,0,0.002678867196664214
244,1617,0,0.0014045579591766
244,1089,0,0.0012105570640414953
244,36,0,0.0011944863945245743
244,2804,0,0.0007351378444582224
244,2997,0,0.0006709323497489095
244,2028,0,0.0006524221389554441
245,3386,0,0.08761313557624817
245,2184,0,0.02789357304573059
245,2203,0,0.024342263117432594
245,1252,0,0.02380073256790638
245,164,0,0.019465545192360878
245,3044,0,0.015633266419172287
245,1783,0,0.01541951298713684
245,800,0,0.013143103569746017
245,3334,0,0.010813459753990173
245,1589,0,0.010458603501319885
246,1028,0,0.016621533781290054
246,588,0,0.01524415984749794
246,1223,0,0.006650097202509642
246,661,0,0.0062007419764995575
246,3253,0,0.005622849799692631
246,2300,0,0.004587019793689251
246,2081,0,0.004345405846834183
246,364,0,0.0040617105551064014
246,2139,0,0.0036520827561616898
246,1282,0,0.0033312104642391205
247,265,0,0.01619715429842472
247,1957,0,0.014570831321179867
247,1231,0,0.013098424300551414
247,1186,0,0.01037767343223095
247,3068,0,0.009581833146512508
247,905,0,0.009182559326291084
247,3730,0,0.008497891016304493
247,2067,0,0.007299188990145922
247,2866,0,0.007010208908468485
247,1296,0,0.005620701238512993
248,3555,0,0.03341512382030487
248,3624,0,0.023900216445326805
248,3578,0,0.012513750232756138
248,3481,0,0.01008449587970972
248,3827,0,0.009185799397528172
248,3535,0,0.00862893182784319
248,3744,0,0.007386433891952038
248,3484,0,0.006311751436442137
248,3409,0,0.006301409564912319
248,3793,0,0.005287517327815294
249,3203,0,0.05208908021450043
249,2976,0,0.04452892020344734
249,3113,0,0.040571119636297226
249,3005,0,0.03660708665847778
249,2771,0,0.03135718032717705
249,2908,0,0.02730429731309414
249,223,0,0.024396274238824844
249,2722,0,0.02431177906692028
249,2699,0,0.023768650367856026
249,2541,0,0.023739879950881004
250,1971,0,0.07109250128269196
250,3354,0,0.038257353007793427
250,3753,0,0.030528105795383453
250,3917,0,0.030346034094691277
250,1973,0,0.02790806069970131
250,3937,0,0.018894780427217484
250,3452,1,0.013897150754928589
250,891,0,0.013180673122406006
250,3555,0,0.012459457851946354
250,1970,0,0.011970744468271732
251,733,0,0.02346615493297577
251,2353,0,0.016932480037212372
251,2278,0,0.012595433741807938
251,2273,0,0.009456824511289597
251,10,0,0.008562092669308186
251,2763,0,0.007853268645703793
251,1573,0,0.0076914457604289055
251,112,0,0.00708466162905097
251,1527,0,0.0065217711962759495
251,1393,0,0.005629250779747963
252,3,0,0.00626784423366189
252,1772,0,0.002698357682675123
252,1608,0,0.002401979174464941
252,3316,0,0.0023076289799064398
252,804,0,0.0022100505884736776
252,144,0,0.0019518606131896377
252,3513,0,0.0017406418919563293
252,236,0,0.001480949460528791
252,2188,0,0.001443983055651188
252,3450,0,0.0013028018875047565
253,36,0,0.05706102401018143
253,2762,0,0.020753180608153343
253,2542,0,0.019757157191634178
253,1729,0,0.01800425909459591
253,50,0,0.016746586188673973
253,318,0,0.015865733847022057
253,1678,0,0.015629591420292854
253,3147,0,0.013714157976210117
253,2268,0,0.013702196069061756
253,1358,0,0.013388200663030148
254,2455,0,0.01649956963956356
254,1350,0,0.014209268614649773
254,1261,0,0.013064238242805004
254,1982,0,0.012975805439054966
254,2784,0,0.009096420370042324
254,2644,0,0.006144301500171423
254,1347,0,0.0056555746123194695
254,1258,0,0.004280786961317062
254,3344,0,0.003234787145629525
254,2648,0,0.0032191427890211344
255,160,0,0.012924714013934135
255,1373,0,0.012775063514709473
255,880,0,0.011589176021516323
255,2807,0,0.009772233664989471
255,1391,0,0.009426956996321678
255,2034,0,0.009419354610145092
255,1371,0,0.006865992676466703
255,1779,0,0.0055587152019143105
255,1917,0,0.005511111579835415
255,329,0,0.005051375366747379
256,1544,0,0.0014031905448064208
256,2405,0,0.0008296454325318336
256,168,0,0.0008086194284260273
256,2334,0,0.0007577095529995859
256,2126,0,0.0006937773432582617
256,329,0,0.0006742557743564248
256,3249,0,0.0006590925040654838
256,1379,0,0.0006200443604029715
256,1687,0,0.0006027834606356919
256,1616,0,0.0005936184315942228
257,1923,0,0.011805650778114796
257,441,0,0.005451809614896774
257,3174,0,0.005276830866932869
257,1042,0,0.0044027408584952354
257,21,0,0.0037448841612786055
257,1747,0,0.0031402092427015305
257,1265,0,0.003095076885074377
257,11,0,0.0030179633758962154
257,2302,0,0.002847570925951004
257,440,0,0.002846898976713419
258,21,0,0.01139997411519289
258,1610,0,0.011170292273163795
258,3418,0,0.007871606387197971
258,1370,0,0.006423539482057095
258,555,0,0.004924951121211052
258,2194,0,0.004365516360849142
258,474,0,0.004098589066416025
258,1222,0,0.00395670672878623
258,3624,0,0.003551880596205592
258,6,0,0.003211082424968481
259,3783,0,0.008715408854186535
259,3911,0,0.008315297774970531
259,3007,0,0.0035773389972746372
259,3536,0,0.00313923810608685
259,3893,0,0.0029227379709482193
259,3189,0,0.0027862321585416794
259,3555,0,0.002100336132571101
259,3617,0,0.002090943045914173
259,3793,0,0.0020107137970626354
259,3785,0,0.001876500085927546
260,2807,0,0.052059631794691086
260,169,0,0.026391997933387756
260,1556,0,0.02217346988618374
260,2835,0,0.017036525532603264
260,3439,0,0.015213748440146446
260,2383,0,0.01387200690805912
260,1882,0,0.013753936626017094
260,2412,0,0.012607702985405922
260,1772,0,0.012553605251014233
260,2720,0,0.012448983266949654
261,2807,0,0.07179514318704605
261,181,0,0.035116154700517654
261,1882,0,0.023283476009964943
261,2412,0,0.02100900560617447
261,1772,0,0.020787615329027176
261,546,0,0.019489942118525505
261,1744,0,0.01740119792521
261,2835,0,0.014882678166031837
261,2422,0,0.014554198831319809
261,405,0,0.013900726102292538
262,2162,0,0.03560489043593407
262,1772,0,0.034692682325839996
262,160,0,0.034326616674661636
262,60,0,0.030721770599484444
262,1750,0,0.020930206403136253
262,2253,0,0.015247334726154804
262,2807,0,0.010873520746827126
262,1702,0,0.01036109495908022
262,169,0,0.01007247343659401
262,158,0,0.008090908639132977
263,318,1,0.007317919284105301
263,1617,0,0.00391509709879756
263,1213,0,0.003240261459723115
263,527,0,0.00246279570274055
263,50,0,0.0022661739494651556
263,2858,0,0.0018115548882633448
263,593,0,0.0016054889420047402
263,1193,0,0.001391411991789937
263,3006,0,0.0012837299145758152
263,2762,0,0.0009896503761410713
264,2174,0,0.015035715885460377
264,2115,0,0.007613972760736942
264,2990,0,0.004693430382758379
264,3770,0,0.0039433566853404045
264,1370,0,0.0037428068462759256
264,610,0,0.003007655031979084
264,2413,0,0.0027925570029765368
264,648,0,0.002513024490326643
264,1732,0,0.002315983409062028
264,3744,0,0.0022009918466210365
265,17,0,0.0014282700140029192
265,534,0,0.0009146129013970494
265,1277,0,0.0006767580634914339
265,1678,0,0.0005538418772630394
265,2291,0,0.0005365068791434169
265,1357,0,0.0003893758694175631
265,1188,0,0.000387084815884009
265,1944,0,0.00038660652353428304
265,1914,0,0.0003676223859656602
265,2125,0,0.0003601765201892704
266,1265,0,0.0049467929638922215
266,1230,0,0.0031233711633831263
266,1,0,0.002917948178946972
266,2081,0,0.0025567139964550734
266,1394,0,0.0020378108602017164
266,2324,0,0.001784748979844153
266,3481,0,0.0017344459192827344
266,1079,0,0.00150603789370507
266,2359,0,0.0014563279692083597
266,2000,0,0.0014486726140603423
267,3481,0,0.003512975526973605
267,3513,0,0.002889063907787204
267,3897,0,0.0008908874006010592
267,3624,0,0.0008908517193049192
267,3785,0,0.0008440891979262233
267,3946,0,0.0007442975766025484
267,3793,0,0.0006658008787781
267,3534,0,0.0006227708654478192
267,3893,0,0.0006153365829959512
267,3299,0,0.0005268830573186278
268,2471,0,0.05459675192832947
268,2380,0,0.034191522747278214
268,2405,0,0.033837683498859406
268,2422,1,0.016046755015850067
268,2792,0,0.014687993563711643
268,2379,0,0.012882726266980171
268,2088,0,0.0128084821626544
268,3385,0,0.012514477595686913
268,2478,0,0.012404956854879856
268,3688,0,0.011941670440137386
269,3751,0,0.01025275606662035
269,2686,0,0.006397271994501352
269,2390,0,0.0057984283193945885
269,3578,0,0.00552754569798708
269,3623,0,0.004936722107231617
269,3512,0,0.004860373213887215
269,2690,0,0.004269877914339304
269,2336,0,0.004081281833350658
269,2318,0,0.003956977743655443
269,3510,0,0.0034439838491380215
270,3555,0,0.008361386135220528
270,3911,0,0.007854213938117027
270,3948,1,0.00783258955925703
270,3783,0,0.0075035798363387585
270,3617,0,0.00423689978197217
270,3513,0,0.0041299378499388695
270,3785,0,0.0038073700852692127
270,3793,0,0.003397542517632246
270,3301,0,0.003355675842612982
270,3536,0,0.003151593031361699
271,2762,0,0.002718426054343581
271,1089,0,0.0010562182869762182
271,1240,0,0.0008428518776781857
271,3513,0,0.0007371847750619054
271,1343,0,0.0006737759103998542
271,2571,0,0.0005807594279758632
271,1625,0,0.0005800168728455901
271,1909,0,0.0005729211843572557
271,832,0,0.0005596798728220165
271,2916,0,0.0005372022278606892
272,2571,0,0.0017982067074626684
272,2664,0,0.0008126134634949267
272,2762,0,0.0007989422883838415
272,1240,0,0.0006844275048933923
272,1653,0,0.000598878541495651
272,3006,0,0.000570291536860168
272,1617,0,0.0005520856939256191
272,3481,0,0.0005072626518085599
272,924,0,0.000492562772706151
272,1095,0,0.0004673755611293018
273,292,0,0.028698088601231575
273,2273,0,0.024097159504890442
273,288,0,0.022371899336576462
273,2353,0,0.017325418069958687
273,112,0,0.012173404917120934
273,1343,0,0.011212650686502457
273,3249,0,0.010701675899326801
273,89,0,0.010025189258158207
273,349,0,0.009067668579518795
273,10,0,0.008896376937627792
274,2571,0,0.00614487798884511
274,1240,0,0.0034508879762142897
274,3793,0,0.0014150008792057633
274,2664,0,0.0013293431838974357
274,741,0,0.001323635340668261
274,1210,0,0.0011278208112344146
274,1200,0,0.0011010043090209365
274,3384,0,0.0010957620106637478
274,1215,0,0.0010457480093464255
274,589,0,0.0010182600235566497
275,2985,0,0.01952889934182167
275,2115,0,0.018554214388132095
275,3740,0,0.017237858846783638
275,3770,0,0.012171098031103611
275,3087,0,0.00887422077357769
275,1958,0,0.008653009310364723
275,3614,0,0.008224436081945896
275,3771,0,0.006587763782590628
275,2001,0,0.006556723266839981
275,2990,0,0.006499642506241798
276,144,0,0.04089121147990227
276,1035,0,0.03694142773747444
276,661,0,0.035492170602083206
276,1965,0,0.03527495637536049
276,551,0,0.03295760601758957
276,2291,0,0.03082589991390705
276,3753,0,0.023766132071614265
276,3450,0,0.019458411261439323
276,3927,0,0.015317629091441631
276,3917,0,0.012082773260772228
277,32,0,0.002488180994987488
277,1356,0,0.0015136508736759424
277,480,1,0.0008664080523885787
277,1584,0,0.0005542473518289626
277,1527,0,0.0005002074758522213
277,1965,0,0.00042361122905276716
277,1396,0,0.0003492457326501608
277,377,0,0.0003195843019057065
277,1921,0,0.00027269849670119584
277,1573,0,0.0002609211951494217
278,1981,0,0.03255316615104675
278,2790,0,0.018873507156968117
278,3017,0,0.018216753378510475
278,1326,0,0.018212392926216125
278,1433,0,0.017894862219691277
278,1980,0,0.017366508021950722
278,1975,0,0.01713935099542141
278,2514,0,0.012477101758122444
278,1979,0,0.01194832008332014
278,606,0,0.011904632672667503
279,153,0,0.0034139910712838173
279,1752,0,0.003036023350432515
279,1100,0,0.002231054939329624
279,2410,0,0.0019660950638353825
279,1379,0,0.001567676430568099
279,2411,0,0.0012792508350685239
279,420,0,0.0012224537786096334
279,95,0,0.0011540782870724797
279,204,0,0.0011461712419986725
279,208,0,0.0010401797480881214
280,1968,0,0.020715808495879173
280,1079,0,0.01169134583324194
280,1186,0,0.004255414009094238
280,2144,0,0.0037548362743109465
280,2000,0,0.0030772907193750143
280,1394,0,0.0019268426112830639
280,1238,0,0.0017679383745416999
280,2918,0,0.0017070741159841418
280,2349,0,0.0016840161988511682
280,3526,0,0.0015282542444765568
281,3513,0,0.023636216297745705
281,3481,0,0.015811488032341003
281,3624,0,0.013030627742409706
281,3300,0,0.008550104685127735
281,3566,0,0.007216459605842829
281,3159,0,0.006616321858018637
281,3555,0,0.004342225845903158
281,3615,0,0.004231510683894157
281,551,0,0.004098536912351847
281,3753,0,0.0029151281341910362
282,423,0,0.051729749888181686
282,89,0,0.05000653862953186
282,2334,0,0.030230669304728508
282,3249,0,0.026439081877470016
282,95,0,0.01798325590789318
282,165,0,0.013251317664980888
282,1805,0,0.012732175178825855
282,350,0,0.012724279426038265
282,1092,0,0.011963955126702785
282,1552,0,0.010586676187813282
283,1544,0,0.029231619089841843
283,1370,0,0.011900095269083977
283,329,0,0.006034797057509422
283,2617,0,0.005948731210082769
283,1676,0,0.005876340437680483
283,2094,0,0.004269459284842014
283,1608,0,0.0040852646343410015
283,780,0,0.003965346142649651
283,2763,0,0.0037477053701877594
283,3354,0,0.0035655761603266
284,3384,0,0.004223394673317671
284,3615,0,0.003543234895914793
284,2701,1,0.002863457426428795
284,3623,0,0.002355838194489479
284,2485,0,0.002042253501713276
284,2762,0,0.0017198253190144897
284,3273,0,0.0015949895605444908
284,3185,0,0.001572726177982986
284,2906,0,0.0009317778749391437
284,2396,0,0.0008225550409406424
285,364,0,0.017378972843289375
285,1357,0,0.014338850043714046
285,3159,0,0.010341694578528404
285,3081,0,0.009892466478049755
285,2700,0,0.008470885455608368
285,1282,0,0.0077895512804389
285,3176,0,0.007423310540616512
285,1589,0,0.007312757428735495
285,2987,0,0.007186131086200476
285,1732,0,0.00718492129817605
286,110,0,0.03676401823759079
286,3256,0,0.018727103248238564
286,1610,0,0.012900314293801785
286,1573,0,0.011973812244832516
286,733,0,0.011393774300813675
286,2571,0,0.010936222970485687
286,3418,0,0.009726610034704208
286,2763,0,0.009171129204332829
286,1408,0,0.008857407607138157
286,589,0,0.006508667953312397
287,1682,0,0.011620507575571537
287,337,0,0.006907204631716013
287,1120,0,0.005913885310292244
287,1271,0,0.0056843808852136135
287,3252,0,0.005026334896683693
287,802,0,0.00489535229280591
287,1393,0,0.004752701614052057
287,1914,0,0.0044818418100476265
287,1680,0,0.003622225718572736
287,538,0,0.00346300657838583
288,1370,0,0.02988501638174057
288,3256,0,0.006974455900490284
288,2763,0,0.0061728558503091335
288,1047,0,0.005347000900655985
288,10,0,0.003818436758592725
288,6,0,0.0034156020265072584
288,165,0,0.0027684958186000586
288,2115,0,0.0023474472109228373
288,89,0,0.0021108074579387903
288,163,0,0.001998926978558302
289,1370,0,0.024378275498747826
289,3527,0,0.016530152410268784
289,2353,0,0.014239060692489147
289,2058,0,0.013624493032693863
289,1573,0,0.00758332759141922
289,733,0,0.007009396329522133
289,6,0,0.005178457126021385
289,1645,0,0.004723518155515194
289,2985,0,0.004397261887788773
289,493,0,0.003935077227652073
290,357,0,0.03573215752840042
290,3255,0,0.012674011290073395
290,1569,0,0.01224656030535698
290,2291,0,0.010959319770336151
290,1357,0,0.009908066131174564
290,497,0,0.005307989660650492
290,1747,0,0.004327215254306793
290,17,0,0.003725622780621052
290,11,1,0.0033913932275027037
290,7,0,0.0033325813710689545
291,2312,0,0.07299640774726868
291,2739,0,0.02049308270215988
291,2020,0,0.0198809877038002
291,1124,0,0.01412298996001482
291,2112,0,0.013211922720074654
291,1357,0,0.012748678214848042
291,3684,0,0.012470908463001251
291,2243,0,0.012193351984024048
291,1643,0,0.0113826310262084
291,1962,0,0.011231746524572372
292,541,0,0.09879259765148163
292,3471,0,0.06767453998327255
292,1214,0,0.051472295075654984
292,2968,0,0.029415424913167953
292,1909,0,0.02498512528836727
292,1097,0,0.01761549711227417
292,2664,0,0.0154939079657197
292,924,0,0.015371764078736305
292,1077,0,0.012594878673553467
292,1200,0,0.011467154137790203
293,3752,0,0.0019314753590151668
293,3794,0,0.0010899152839556336
293,1783,0,0.0007630803156644106
293,2390,0,0.0006622340879403055
293,3564,0,0.0006561612244695425
293,3316,0,0.0006435021641664207
293,3900,0,0.0005448706215247512
293,1645,0,0.0005327616236172616
293,832,0,0.0005170268705114722
293,2719,0,0.0005150681245140731
294,3450,0,0.025432508438825607
294,11,0,0.02255428023636341
294,252,0,0.019230401143431664
294,3108,0,0.018907777965068817
294,1476,0,0.01584467850625515
294,1485,0,0.01567622646689415
294,852,0,0.0155717758461833
294,500,0,0.0139714814722538
294,587,0,0.012186793610453606
294,2567,0,0.011399814859032631
295,608,1,0.017487002536654472
295,2762,0,0.01571124978363514
295,293,0,0.01180254016071558
295,866,0,0.011449946090579033
295,337,0,0.008373544551432133
295,47,0,0.008272968232631683
295,1729,0,0.00740845687687397
295,296,0,0.0065973796881735325
295,6,0,0.00515163317322731
295,1466,0,0.005099095869809389
296,1982,0,0.007100176997482777
296,2455,0,0.003273607464507222
296,2097,0,0.0030564533080905676
296,2867,0,0.0028957161121070385
296,724,0,0.0023813764564692974
296,2657,0,0.002204218180850148
296,2713,0,0.0019788823556154966
296,968,0,0.0012376876547932625
296,2716,0,0.0012116057332605124
296,3927,0,0.0011384413810446858
297,3555,0,0.00891027320176363
297,3513,0,0.008908921852707863
297,3753,0,0.004436085466295481
297,3578,1,0.0038751750253140926
297,3300,0,0.003851554589346051
297,3623,0,0.0038147650193423033
297,3408,0,0.002844408852979541
297,3510,0,0.002085119253024459
297,3160,0,0.0019802842289209366
297,3752,0,0.0019337957492098212
298,3927,0,0.0027803215198218822
298,3918,0,0.0017109817126765847
298,2399,1,0.001332192332483828
298,144,0,0.0011958328541368246
298,3,0,0.0010569640435278416
298,3753,0,0.00105505611281842
298,1971,0,0.0009052857640199363
298,70,0,0.0008664182969368994
298,2657,0,0.0008540719863958657
298,1970,0,0.0008259406313300133
299,608,0,0.0517025925219059
299,898,0,0.015588201582431793
299,318,0,0.008939406834542751
299,1231,0,0.007939855568110943
299,745,0,0.007570899557322264
299,1,0,0.007432251702994108
299,2396,0,0.006880211643874645
299,1952,0,0.006449447944760323
299,1213,0,0.006069021299481392
299,1219,0,0.005836545955389738
300,95,0,0.02526896819472313
300,208,0,0.02374415658414364
300,2002,0,0.020314818248152733
300,1552,0,0.008008468896150589
300,1544,0,0.007519369013607502
300,1687,0,0.007247306872159243
300,2616,0,0.007025399245321751
300,423,0,0.004544455092400312
300,292,1,0.004409596789628267
300,3697,0,0.004402758087962866
301,542,1,0.021176759153604507
301,1353,0,0.017019087448716164
301,830,0,0.015130176208913326
301,1453,0,0.014899129047989845
301,195,0,0.013681378215551376
301,370,0,0.010946354828774929
301,276,0,0.010594379156827927
301,1592,0,0.01059001125395298
301,186,0,0.009768352843821049
301,3388,0,0.009365834295749664
302,2706,0,0.04212804511189461
302,2997,0,0.03033386915922165
302,1732,0,0.02007966861128807
302,3175,0,0.010475370101630688
302,2144,0,0.009147979319095612
302,1641,0,0.008820430375635624
302,2858,0,0.008098927326500416
302,3174,0,0.007764623966068029
302,3052,0,0.007238850463181734
302,3007,0,0.0069411578588187695
303,2174,0,0.020750828087329865
303,3253,0,0.014437071979045868
303,104,0,0.014289391227066517
303,2144,0,0.009007763117551804
303,45,0,0.006184784229844809
303,3261,0,0.006157893221825361
303,1747,0,0.005676687229424715
303,2155,0,0.005341106094419956
303,3255,0,0.004744976758956909
303,1441,0,0.004501859191805124
304,930,0,0.04386840760707855
304,2203,0,0.03362425044178963
304,1086,0,0.027272460982203484
304,2186,0,0.02576136216521263
304,931,0,0.01561185996979475
304,904,0,0.0125783896073699
304,1267,0,0.00885888934135437
304,922,0,0.008153988048434258
304,903,0,0.007351582869887352
304,800,0,0.00707494979724288
305,1702,0,0.012979058548808098
305,1592,0,0.011198041960597038
305,169,0,0.008807673119008541
305,2941,0,0.006574124563485384
305,1474,0,0.005023352336138487
305,374,0,0.004766219295561314
305,616,0,0.0045012119226157665
305,1453,0,0.004007219802588224
305,1731,0,0.0037646281998604536
305,355,0,0.0036491616629064083
306,2572,0,0.029951022937893867
306,2706,0,0.025601275265216827
306,344,0,0.013703035190701485
306,3148,0,0.007936852052807808
306,3005,0,0.007147026713937521
306,3004,0,0.00630356976762414
306,2908,0,0.0057554710656404495
306,2188,0,0.005659981165081263
306,2699,0,0.005187284667044878
306,1784,0,0.0048760222271084785
307,1090,0,0.0017809788696467876
307,2716,0,0.001423119567334652
307,2160,0,0.0011884866980835795
307,1269,0,0.0010756483534350991
307,2455,0,0.0009679957875050604
307,1466,0,0.0009155217558145523
307,1282,0,0.0008738068863749504
307,1261,0,0.0007113799802027643
307,1321,0,0.0007013282156549394
307,1258,0,0.0006905742920935154
308,2053,0,0.040468186140060425
308,169,0,0.021906571462750435
308,2720,0,0.01783224754035473
308,2196,0,0.01566900499165058
308,374,0,0.015341310761868954
308,2807,0,0.01465193834155798
308,1772,0,0.014391528442502022
308,1556,0,0.014312239363789558
308,1839,0,0.013365917839109898
308,2380,0,0.013151358813047409
309,2000,0,0.04216369241476059
309,2174,0,0.027035776525735855
309,2144,0,0.019623829051852226
309,1073,0,0.01914406009018421
309,2081,0,0.016740795224905014
309,733,0,0.015810435637831688
309,3448,0,0.015301663428544998
309,367,0,0.011198773980140686
309,2657,0,0.008940250612795353
309,2115,0,0.00811180379241705
310,3911,0,0.06931377202272415
310,3948,0,0.06412019580602646
310,3328,0,0.03987722471356392
310,3949,0,0.03322398290038109
310,3624,0,0.021492974832654
310,3831,0,0.018871864303946495
310,3783,0,0.01853632926940918
310,3852,0,0.017907267436385155
310,3825,0,0.016905147582292557
310,3916,0,0.013449247926473618
311,2701,0,0.0030727351550012827
311,1240,0,0.0014515811344608665
311,858,0,0.0013478059554472566
311,1206,0,0.0008428094442933798
311,608,0,0.0007303510210476816
311,1214,0,0.0006693183095194399
311,3114,0,0.0006683185347355902
311,589,0,0.0006416509277187288
311,3798,0,0.0006394413649104536
311,541,0,0.0005943269352428615
312,1041,0,0.016600778326392174
312,3334,0,0.014963479712605476
312,3468,0,0.014450190588831902
312,1252,0,0.012736004777252674
312,154,0,0.012142973951995373
312,800,0,0.010308532044291496
312,2203,0,0.00994140561670065
312,1635,0,0.008835920132696629
312,1945,0,0.008714131079614162
312,2612,0,0.008639257401227951
313,1965,0,0.06186267361044884
313,144,0,0.03511049970984459
313,3927,0,0.03189356252551079
313,1580,0,0.02128562517464161
313,3753,0,0.020090918987989426
313,3300,0,0.01851891539990902
313,3409,0,0.01696375384926796
313,661,0,0.014787908643484116
313,1544,0,0.014551871456205845
313,3917,0,0.011549501679837704
314,2702,0,0.04460654780268669
314,2762,0,0.03818787261843681
314,3081,0,0.021068288013339043
314,2700,0,0.0130403321236372
314,3384,0,0.012688015587627888
314,3185,0,0.011632123962044716
314,2763,0,0.011151918210089207
314,3262,0,0.009467343799769878
314,2692,0,0.008683077059686184
314,3386,0,0.007945384830236435
315,1284,0,0.019881414249539375
315,1248,0,0.013576512224972248
315,930,0,0.013270223513245583
315,3755,0,0.012078787200152874
315,661,0,0.011512071825563908
315,1035,0,0.010516328737139702
315,1282,0,0.009148925542831421
315,1965,0,0.008894609287381172
315,1252,0,0.008416321128606796
315,3675,0,0.00740684662014246
316,2034,0,0.03101346641778946
316,1391,0,0.02572971023619175
316,2808,0,0.023730460554361343
316,748,0,0.022183865308761597
316,674,0,0.020621629431843758
316,880,0,0.016705861315131187
316,316,0,0.01374083198606968
316,2668,0,0.01354981493204832
316,849,0,0.012273757718503475
316,1917,0,0.011765901930630207
317,913,0,0.0009868412744253874
317,908,0,0.0009411436622031033
317,928,0,0.0008728066459298134
317,750,0,0.0007579764351248741
317,923,0,0.0007326870108954608
317,904,0,0.0006476311245933175
317,111,0,0.0005456098006106913
317,1256,0,0.0005439618253149092
317,3467,0,0.0005313794245012105
317,1204,0,0.0004120708326809108
318,3384,1,0.03355148434638977
318,3157,0,0.03045777603983879
318,3081,0,0.026656292378902435
318,2702,0,0.026512518525123596
318,2762,0,0.022960694506764412
318,2841,0,0.02256730943918228
318,2961,0,0.015267649665474892
318,2485,0,0.012944714166224003
318,2686,0,0.012777467258274555
318,2734,0,0.011996030807495117
319,930,0,0.01869768090546131
319,412,0,0.01677946001291275
319,3328,0,0.015804681926965714
319,3915,0,0.008085335604846478
319,2025,0,0.007923468016088009
319,3949,0,0.007041180972009897
319,1029,0,0.0067022377625107765
319,2940,0,0.0062209125608205795
319,1212,0,0.005796775221824646
319,927,0,0.0054956115782260895
320,1544,0,0.016980817541480064
320,3300,0,0.016920797526836395
320,3409,0,0.012813021428883076
320,1035,0,0.01147365104407072
320,144,0,0.010641369968652725
320,3173,0,0.010296745225787163
320,3354,0,0.01021035760641098
320,551,0,0.009953039698302746
320,3484,0,0.009752072393894196
320,3450,0,0.008576611988246441
321,3176,0,0.05397344008088112
321,2600,0,0.027859771624207497
321,3355,0,0.018049869686365128
321,695,0,0.013277160935103893
321,3007,0,0.012061751447618008
321,3745,0,0.011855877004563808
321,3156,0,0.01070912554860115
321,3316,0,0.010703008621931076
321,1343,0,0.009548940695822239
321,3948,0,0.00911648664623499
322,1294,0,0.0014723853673785925
322,1136,0,0.0007491654250770807
322,1968,0,0.0006658346392214298
322,1222,0,0.00048162805614992976
322,2791,0,0.00036516805994324386
322,2291,0,0.00035523984115570784
322,3424,0,0.0003297442744951695
322,1210,0,0.00029360284679569304
322,3685,0,0.0002727515820879489
322,1079,0,0.0002695269067771733
323,1094,0,0.0042097601108253
323,17,0,0.003932036459445953
323,1357,0,0.0033356216736137867
323,1277,0,0.002225053496658802
323,497,0,0.0016973207239061594
323,1947,0,0.001519565936177969
323,3536,0,0.0014869956066831946
323,25,0,0.0014134852681308985
323,300,0,0.0013847395312041044
323,2291,0,0.0012239376083016396
324,2987,0,0.035149481147527695
324,3114,0,0.02882155403494835
324,1282,0,0.011767802760004997
324,1252,0,0.009958453476428986
324,3751,0,0.009735590778291225
324,2701,0,0.006046222057193518
324,2940,0,0.005394080653786659
324,3034,0,0.0048444378189742565
324,1204,0,0.003917199093848467
324,3615,0,0.003574507776647806
325,3565,0,0.014642320573329926
325,3004,0,0.011658822186291218
325,239,0,0.011133220978081226
325,3534,0,0.009841556660830975
325,3054,0,0.007851110771298409
325,2555,0,0.007690762169659138
325,2706,0,0.006876462139189243
325,2724,0,0.0063672554679214954
325,2053,0,0.006242984905838966
325,2683,0,0.005829572211951017
326,538,0,0.02946162410080433
326,1747,0,0.018326200544834137
326,497,0,0.010647782124578953
326,1343,0,0.010246793739497662
326,551,0,0.010190092027187347
326,3358,0,0.010169713757932186
326,1035,0,0.008717173710465431
326,2384,0,0.007618369534611702
326,125,0,0.007556873373687267
326,3253,0,0.007251357659697533
327,3794,0,0.024647029116749763
327,3949,0,0.019891874864697456
327,3852,0,0.018657855689525604
327,3951,0,0.015973055735230446
327,927,0,0.011735944077372551
327,3893,0,0.011543923057615757
327,3858,0,0.010618554428219795
327,3783,0,0.01026654988527298
327,3859,0,0.010246962308883667
327,3900,0,0.009906996041536331
328,1772,0,0.043502163141965866
328,1499,0,0.04013018682599068
328,208,0,0.034054409712553024
328,160,0,0.02880735509097576
328,2986,0,0.022281156852841377
328,169,0,0.01927315630018711
328,504,0,0.014380878768861294
328,546,0,0.014185354113578796
328,405,0,0.014169277623295784
328,181,0,0.013569486327469349
329,3948,0,0.014087836258113384
329,3794,0,0.009677705354988575
329,3566,0,0.006743398495018482
329,3831,0,0.0063507030718028545
329,3900,0,0.005357941146939993
329,3752,0,0.004888562019914389
329,3481,0,0.00424813199788332
329,3952,0,0.00403559347614646
329,3859,0,0.004014458507299423
329,3534,0,0.0035451860167086124
330,3952,0,0.007240000646561384
330,3148,0,0.006620976608246565
330,1252,0,0.0036407664883881807
330,3852,0,0.0033838755916804075
330,3515,0,0.0029065473936498165
330,3536,0,0.0023402743972837925
330,908,0,0.002060696016997099
330,2858,0,0.002019100124016404
330,3481,0,0.001791966031305492
330,1235,0,0.0017149954801425338
331,1914,0,0.025599349290132523
331,1729,0,0.015892881900072098
331,1732,0,0.015749875456094742
331,1466,0,0.014339678920805454
331,1179,0,0.011864340864121914
331,1673,0,0.010274592787027359
331,300,0,0.009658467024564743
331,1060,0,0.009540582075715065
331,1095,0,0.008136585354804993
331,101,0,0.007143665105104446
332,2762,0,0.006079504266381264
332,1589,0,0.005655348300933838
332,2396,0,0.003468180075287819
332,866,0,0.0032188298646360636
332,3006,0,0.002947981236502528
332,1089,0,0.0026114401407539845
332,1393,0,0.00250504189170897
332,296,0,0.0024670495186001062
332,3948,0,0.0019903494976460934
332,3007,0,0.0019124072277918458
333,2081,0,0.02072123996913433
333,1188,0,0.018219560384750366
333,588,0,0.015371948480606079
333,2797,0,0.013990279287099838
333,3253,0,0.01237483974546194
333,2683,0,0.010866289958357811
333,2174,0,0.010153350420296192
333,2572,0,0.008071052841842175
333,1012,0,0.007813841104507446
333,101,0,0.007728900294750929
334,1453,0,0.006655734032392502
334,236,0,0.006353744771331549
334,830,0,0.0039633153937757015
334,2316,0,0.0031194218900054693
334,1772,0,0.002803070703521371
334,2953,0,0.0027372941840440035
334,169,0,0.002710331231355667
334,1353,0,0.0024147152435034513
334,3564,0,0.0022730533964931965
334,1839,0,0.0021855707745999098
335,1244,0,0.03070163168013096
335,3671,0,0.018088439479470253
335,3363,0,0.015947487205266953
335,1953,0,0.0145408408716321
335,954,0,0.01289029885083437
335,1252,0,0.011637043207883835
335,3421,0,0.010131001472473145
335,1256,0,0.010111534036695957
335,3201,0,0.009805622510612011
335,36,0,0.009072558954358101
336,880,0,0.03258445858955383
336,2807,0,0.02936580963432789
336,2448,0,0.017178909853100777
336,519,0,0.016658591106534004
336,3802,0,0.01665130816400051
336,405,0,0.015888243913650513
336,1591,0,0.010996442288160324
336,327,0,0.010777490213513374
336,3464,0,0.010589439421892166
336,2719,0,0.01056213304400444
337,2986,0,0.02510690689086914
337,1089,0,0.015847811475396156
337,1882,0,0.013341091573238373
337,593,0,0.01329809334129095
337,153,0,0.012863884679973125
337,50,0,0.012119986116886139
337,427,0,0.011891612783074379
337,1391,0,0.010765314102172852
337,296,0,0.010043873451650143
337,318,0,0.00898019503802061
338,3827,0,0.0679280236363411
338,3948,1,0.024558650329709053
338,3481,0,0.02331019937992096
338,3893,0,0.022983897477388382
338,3793,0,0.022699451074004173
338,3745,0,0.022059783339500427
338,3755,0,0.02137153595685959
338,3753,0,0.020927583798766136
338,3952,0,0.01985759288072586
338,3328,0,0.018887698650360107
339,1643,0,0.011500311084091663
339,1810,0,0.01006172876805067
339,1357,0,0.009903417900204659
339,805,0,0.008555140346288681
339,1177,0,0.007465075701475143
339,1190,0,0.007091179024428129
339,1678,0,0.006690112873911858
339,2231,0,0.00651684170588851
339,991,0,0.006277121137827635
339,475,0,0.005972601473331451
340,2081,0,0.011087603867053986
340,3358,0,0.008561159484088421
340,551,0,0.0046883439645171165
340,1747,0,0.004577492363750935
340,45,0,0.004135281313210726
340,367,0,0.00401184381917119
340,2174,0,0.00351983611471951
340,3308,0,0.003300229087471962
340,141,0,0.0030370750464498997
340,1042,0,0.0029016740154474974
341,2762,0,0.001150921336375177
341,589,0,0.0007286856998689473
341,3753,0,0.000628115376457572
341,3948,0,0.0005320489290170372
341,457,0,0.0004222341813147068
341,1277,0,0.00038767047226428986
341,3793,0,0.00038064547698013484
341,593,0,0.00037756067467853427
341,2396,0,0.00033162609906867146
341,3160,0,0.0003094820713158697
342,329,0,0.01146281510591507
342,2012,0,0.0031253874767571688
342,2393,0,0.0026962277479469776
342,2105,0,0.002635560929775238
342,1676,0,0.0025524194352328777
342,2021,0,0.0023784360382705927
342,1371,0,0.002369721420109272
342,1375,0,0.0021602429915219545
342,1544,0,0.002084675943478942
342,2,0,0.0018257061019539833
343,3,0,0.03028598427772522
343,597,0,0.025527482852339745
343,195,0,0.018074413761496544
343,852,0,0.017281144857406616
343,1895,0,0.0129826869815588
343,587,0,0.011827750131487846
343,1888,0,0.011822529137134552
343,2424,0,0.01123114489018917
343,1777,0,0.01024309080094099
343,2699,0,0.010173818096518517
344,3745,0,0.0038417282048612833
344,2700,0,0.0036971974186599255
344,2702,0,0.002670030342414975
344,3753,0,0.0012939312728121877
344,3624,0,0.0012713231844827533
344,2841,0,0.0011408719001337886
344,3176,0,0.0010285577736794949
344,2840,0,0.0009695455082692206
344,3273,0,0.0009211876895278692
344,2806,0,0.00074626668356359
345,1277,0,0.00854116678237915
345,2969,0,0.005222293082624674
345,17,0,0.004166007973253727
345,2020,0,0.004133804235607386
345,1674,0,0.0029927135910838842
345,1944,0,0.0020516770891845226
345,3468,0,0.001661872141994536
345,1299,0,0.0016102301888167858
345,912,0,0.001508291345089674
345,2731,0,0.001481523271650076
346,2312,0,0.014600959606468678
346,2245,0,0.007279644254595041
346,1729,0,0.006340420804917812
346,3614,0,0.00630929647013545
346,1958,0,0.005927869584411383
346,3684,0,0.00476840790361166
346,2852,0,0.004108788445591927
346,1295,0,0.0036509486380964518
346,2145,0,0.003414853010326624
346,509,0,0.0031406176276504993
347,32,0,0.012327060103416443
347,1228,0,0.009040641598403454
347,2289,0,0.008751449175179005
347,2997,0,0.008328256197273731
347,745,0,0.006976075936108828
347,1221,0,0.006615996360778809
347,2908,0,0.005874759051948786
347,3683,0,0.0056010158732533455
347,1230,0,0.005348301958292723
347,1179,0,0.005304967984557152
348,804,0,0.0256881732493639
348,2034,0,0.021146047860383987
348,1927,0,0.012405953370034695
348,2455,0,0.009076874703168869
348,2411,0,0.008812172338366508
348,3917,0,0.008716861717402935
348,1371,0,0.00863844994455576
348,2160,0,0.00809058453887701
348,292,0,0.008036562241613865
348,208,0,0.007575609255582094
349,1711,0,0.01798628270626068
349,1589,0,0.010687679052352905
349,1645,0,0.009742651134729385
349,292,0,0.009437440894544125
349,2706,0,0.00928677711635828
349,2181,0,0.007437137421220541
349,3513,0,0.007086462341248989
349,89,0,0.006901223212480545
349,3262,0,0.006311073433607817
349,3316,0,0.006301459856331348
350,1580,0,0.011882904917001724
350,2058,0,0.0041083223186433315
350,1653,0,0.002400993136689067
350,1573,0,0.002370912581682205
350,32,0,0.0014153935480862856
350,2763,0,0.0012301591923460364
350,1047,0,0.0010918352054432034
350,2273,0,0.0010301971342414618
350,1748,0,0.0009739605011418462
350,1343,0,0.0009543102933093905
351,3555,0,0.028508329764008522
351,3316,0,0.015349038876593113
351,3510,0,0.01038080733269453
351,3301,0,0.008732005953788757
351,3452,0,0.008126450702548027
351,3513,0,0.0079050213098526
351,3300,0,0.007117776665836573
351,3484,0,0.006607280112802982
351,3753,0,0.005872219335287809
351,3752,0,0.005726220086216927
352,2807,0,0.02543223835527897
352,1839,0,0.022499484941363335
352,1744,0,0.021449388936161995
352,1497,0,0.020384283736348152
352,169,0,0.014765714295208454
352,1004,0,0.01449032686650753
352,1453,0,0.01379555743187666
352,93,0,0.010293741710484028
352,419,0,0.009825974702835083
352,181,0,0.00975490640848875
353,1089,0,0.014347860589623451
353,1625,0,0.007651331834495068
353,47,0,0.006088909227401018
353,3147,0,0.0034680841490626335
353,3176,0,0.0020597355905920267
353,3753,0,0.002039860002696514
353,3793,0,0.0018870108760893345
353,2396,0,0.0017115571536123753
353,2987,0,0.001496759126894176
353,1249,0,0.001422800007276237
354,3384,0,0.02548000030219555
354,2702,0,0.012544799596071243
354,2763,0,0.009919722564518452
354,2700,0,0.009089680388569832
354,3176,0,0.005872316192835569
354,2841,0,0.005598788149654865
354,3745,0,0.005508786533027887
354,3273,0,0.0041249715723097324
354,2961,0,0.002382897771894932
354,2806,0,0.0022348822094500065
355,3624,0,0.012857094407081604
355,3513,0,0.005318064708262682
355,3578,0,0.004367065615952015
355,3861,0,0.0036023466382175684
355,3793,0,0.0027640967164188623
355,3623,0,0.0026489917654544115
355,3827,0,0.002210249425843358
355,3948,0,0.0020840135402977467
355,3408,0,0.0019875254947692156
355,3566,0,0.001960021210834384
356,2054,0,0.023329349234700203
356,748,0,0.02238956280052662
356,788,0,0.02197439968585968
356,196,0,0.019822193309664726
356,2450,0,0.01673044078052044
356,2140,0,0.015446625649929047
356,1584,0,0.014446568675339222
356,880,0,0.01363604050129652
356,519,0,0.013303910382091999
356,2053,0,0.011851321905851364
357,2092,0,0.015856660902500153
357,60,0,0.01336923148483038
357,1405,0,0.011546566151082516
357,1907,0,0.009866957552731037
357,160,0,0.008401972241699696
357,48,0,0.008232888765633106
357,3439,0,0.0071142129600048065
357,673,0,0.007030035834759474
357,107,0,0.006345734931528568
357,2,0,0.004906405694782734
358,3948,0,0.0011645265622064471
358,1256,0,0.0011268737725913525
358,923,0,0.0010568659054115415
358,912,0,0.0009355565416626632
358,1247,0,0.000780914444476366
358,908,0,0.0006522609619423747
358,915,0,0.0006375880911946297
358,858,0,0.0005694346036761999
358,2863,0,0.0005372395389713347
358,1299,0,0.0004557438660413027
359,2683,1,0.13700060546398163
359,3285,0,0.019494323059916496
359,2826,0,0.01865718699991703
359,2997,0,0.018125716596841812
359,1127,0,0.014015648514032364
359,3516,0,0.013741998933255672
359,2707,0,0.013317951001226902
359,3005,0,0.012415044941008091
359,2710,0,0.011754266917705536
359,2827,0,0.011484815739095211
360,3418,0,0.015655679628252983
360,1393,0,0.013988704420626163
360,1095,0,0.012096721678972244
360,110,0,0.010997932404279709
360,17,0,0.010116620920598507
360,1954,0,0.00988507829606533
360,1089,0,0.008687556721270084
360,2028,0,0.00812958087772131
360,2268,0,0.007501404732465744
360,1641,0,0.0070675997994840145
361,3624,0,0.05199267342686653
361,3515,0,0.01963755302131176
361,3952,1,0.01813698187470436
361,3594,0,0.01666872762143612
361,3948,0,0.01664639078080654
361,3753,0,0.015970654785633087
361,3538,0,0.015508206561207771
361,3535,0,0.014790577813982964
361,3555,0,0.014027602970600128
361,3566,0,0.013555935584008694
362,3409,0,0.04721476882696152
362,3753,0,0.0288559477776289
362,144,0,0.023407459259033203
362,3513,0,0.020342474803328514
362,3510,0,0.009256103076040745
362,3300,0,0.00906042568385601
362,2455,0,0.008933326229453087
362,3354,0,0.008773730136454105
362,3160,0,0.008495007641613483
362,1544,0,0.006912718527019024
363,3863,0,0.0025914388243108988
363,3826,0,0.002071097958832979
363,3744,0,0.0015135080320760608
363,3,0,0.0014672318939119577
363,3827,0,0.0013636363437399268
363,3566,0,0.001098266220651567
363,3893,0,0.0010175942443311214
363,3298,0,0.0009794506477192044
363,3285,0,0.0009252286399714649
363,3316,0,0.0009211540454998612
364,2841,0,0.10037307441234589
364,2762,0,0.0726393535733223
364,3753,0,0.03376365825533867
364,2692,0,0.029486700892448425
364,2840,0,0.02746620774269104
364,2485,0,0.0258291345089674
364,3081,0,0.023207269608974457
364,3157,0,0.02214217744767666
364,2702,0,0.022094693034887314
364,2700,0,0.02041410282254219
365,276,0,0.013717742636799812
365,231,0,0.010069852694869041
365,1353,0,0.009076607413589954
365,691,0,0.008265173062682152
365,1707,0,0.008251260034739971
365,2953,0,0.007629199884831905
365,597,0,0.007202891632914543
365,186,0,0.007036211434751749
365,168,0,0.0065345680341124535
365,543,0,0.005703493487089872
366,2921,0,0.018197042867541313
366,1201,0,0.014435319229960442
366,3681,0,0.013481361791491508
366,2401,0,0.012552320957183838
366,3365,0,0.012098757550120354
366,3074,0,0.011780994944274426
366,3682,0,0.010935869067907333
366,383,0,0.008020937442779541
366,3487,0,0.007279477082192898
366,1378,0,0.006075598299503326
367,2919,0,0.027404000982642174
367,2020,0,0.02243366651237011
367,3098,0,0.02178816869854927
367,3668,0,0.020610984414815903
367,1296,0,0.0145301204174757
367,2243,0,0.009949213825166225
367,1643,0,0.008897382766008377
367,2313,0,0.008756694383919239
367,3068,0,0.008331033401191235
367,2739,0,0.008076073601841927
368,3513,0,0.029163416475057602
368,3555,0,0.022691253572702408
368,3948,0,0.02200360782444477
368,3752,0,0.016533706337213516
368,3536,0,0.014853540807962418
368,3624,0,0.012252225540578365
368,538,0,0.010971271432936192
368,3793,0,0.00991601962596178
368,3355,0,0.009490575641393661
368,3911,0,0.009439719840884209
369,597,0,0.004323242697864771
369,104,0,0.0026440927758812904
369,7,0,0.0020915139466524124
369,1485,0,0.0018348714802414179
369,543,0,0.001681822002865374
369,3247,0,0.001414865255355835
369,2683,0,0.0014009303413331509
369,1441,0,0.0013750764774158597
369,252,0,0.0012150014517828822
369,2469,0,0.001185219967737794
370,3300,0,0.02636951021850109
370,3745,0,0.0259633120149374
370,3624,0,0.025423794984817505
370,3513,0,0.019995255395770073
370,3316,0,0.008569486439228058
370,3481,0,0.007167890202254057
370,3301,0,0.0047977217473089695
370,3484,0,0.004250535741448402
370,3355,0,0.004008820746093988
370,3535,0,0.0037917792797088623
371,337,0,0.03111174888908863
371,1393,0,0.021217765286564827
371,2268,0,0.017642788589000702
371,150,0,0.01585058867931366
371,538,0,0.012581855989992619
371,1357,0,0.012462846003472805
371,1914,0,0.01235127542167902
371,1678,0,0.011539777740836143
371,1466,0,0.011180240660905838
371,1682,0,0.01115627121180296
372,2807,0,0.06118922308087349
372,1971,0,0.018878018483519554
372,1862,0,0.017085619270801544
372,1389,0,0.015581703744828701
372,1980,0,0.01486433856189251
372,1976,0,0.013084441423416138
372,1882,0,0.012739733792841434
372,1998,0,0.012237908318638802
372,3511,0,0.011815549805760384
372,1623,0,0.011793608777225018
373,1240,0,0.06807145476341248
373,480,0,0.009011712856590748
373,1610,0,0.008463557809591293
373,2529,0,0.006702188402414322
373,2662,0,0.0043329172767698765
373,2288,0,0.004189423285424709
373,3703,0,0.0037526199594140053
373,1291,0,0.0036174063570797443
373,32,0,0.0033454359509050846
373,3418,0,0.0032648269552737474
374,1729,0,0.06907522678375244
374,1089,0,0.05316212773323059
374,1179,0,0.022476134821772575
374,3386,0,0.013606098480522633
374,1589,0,0.01104120071977377
374,32,0,0.010233893990516663
374,319,0,0.009247717447578907
374,866,0,0.009210034273564816
374,1783,0,0.008389458991587162
374,1805,1,0.008203629404306412
375,1245,0,0.028396448120474815
375,1678,0,0.02032029628753662
375,300,0,0.01462252251803875
375,2112,0,0.01194210909307003
375,1729,0,0.01108899898827076
375,1059,0,0.010460151359438896
375,21,0,0.00993996299803257
375,1393,0,0.009808974340558052
375,2268,0,0.009046689607203007
375,1500,0,0.006044686771929264
376,1252,0,0.0920783281326294
376,2762,0,0.03766908869147301
376,1617,1,0.014761397615075111
376,3751,0,0.011088970117270947
376,3615,0,0.010790485888719559
376,3801,0,0.009356501512229443
376,1212,0,0.008908800780773163
376,3007,0,0.008207540027797222
376,1256,0,0.008148004300892353
376,2997,0,0.007582717575132847
377,3039,0,0.0022774648386985064
377,2174,0,0.0021979270968586206
377,553,0,0.0017913826741278172
377,1466,0,0.0012161846971139312
377,2160,0,0.0009962524054571986
377,2291,0,0.0009357532253488898
377,1962,0,0.0006958637968637049
377,3552,0,0.0006860263529233634
377,1682,0,0.0006758596282452345
377,1961,0,0.000640657264739275
378,2396,0,0.022811535745859146
378,34,0,0.02239357680082321
378,1923,0,0.005446755327284336
378,337,0,0.0053266845643520355
378,1393,0,0.005222907289862633
378,1641,0,0.005163653753697872
378,1500,0,0.004919307306408882
378,3108,0,0.004723715130239725
378,3176,0,0.004472948145121336
378,1704,0,0.004168039653450251
379,1958,0,0.002506957156583667
379,339,0,0.0016091752331703901
379,2144,0,0.0015825541922822595
379,3614,0,0.0014211726374924183
379,1290,0,0.0012381988344714046
379,509,0,0.0010683337459340692
379,534,0,0.0008423964609391987
379,2245,0,0.0008117991383187473
379,1569,0,0.0006537649896927178
379,236,0,0.0006235220353119075
380,1958,0,0.04282163828611374
380,3308,0,0.0269803274422884
380,3033,0,0.020042583346366882
380,3614,0,0.018860550597310066
380,2001,0,0.018186798319220543
380,2111,0,0.01700356975197792
380,3087,0,0.014155669137835503
380,2134,0,0.014035834930837154
380,2746,0,0.012667743489146233
380,2011,0,0.011363513767719269
381,2528,0,0.021850407123565674
381,2640,0,0.01728595234453678
381,1909,0,0.014004251919686794
381,2916,0,0.009111854247748852
381,2009,0,0.008329059928655624
381,2455,0,0.007889804430305958
381,2657,0,0.007874973118305206
381,1584,0,0.007770418655127287
381,2533,0,0.007378279697149992
381,3576,0,0.007153255864977837
382,125,0,0.00395918870344758
382,1883,0,0.0037744685541838408
382,3253,0,0.003728262847289443
382,1580,0,0.0035230768844485283
382,1641,0,0.0033531126100569963
382,1732,0,0.00305666821077466
382,1914,0,0.0029668088536709547
382,588,0,0.0029320165049284697
382,838,0,0.002843898255378008
382,356,0,0.002727234037593007
383,2700,0,0.025198662653565407
383,2987,0,0.021084493026137352
383,3157,0,0.016324982047080994
383,3384,0,0.009904826991260052
383,2841,0,0.009711944498121738
383,2763,0,0.009492085315287113
383,2396,0,0.009057190269231796
383,3273,0,0.006484204437583685
383,2840,0,0.00625397777184844
383,2961,0,0.004836231004446745
384,2921,0,0.10650137066841125
384,2922,0,0.09212347120046616
384,1283,0,0.07598266005516052
384,3365,0,0.03839307278394699
384,3681,0,0.030834993347525597
384,1209,0,0.012038844637572765
384,1008,0,0.010224847123026848
384,2401,0,0.009902543388307095
384,553,0,0.009566343389451504
384,590,0,0.006282936781644821
385,1954,0,0.036440249532461166
385,1036,0,0.03428573161363602
385,589,0,0.032886676490306854
385,2762,0,0.023813694715499878
385,3702,0,0.023360300809144974
385,2571,0,0.019299093633890152
385,32,0,0.01848016120493412
385,924,0,0.017481114715337753
385,457,0,0.013553011231124401
385,2028,0,0.012469864450395107
386,1240,1,0.0033626663498580456
386,1097,0,0.0020767466630786657
386,1199,0,0.0013894651783630252
386,3703,0,0.0011857764329761267
386,32,0,0.0011157412081956863
386,1242,0,0.0010255356319248676
386,2664,0,0.0009986090008169413
386,2010,0,0.0009335195645689964
386,1214,0,0.0009108746307902038
386,745,0,0.0008077239617705345
387,1276,0,0.008510848507285118
387,3363,0,0.006200904026627541
387,3424,0,0.004529635887593031
387,1208,0,0.003726188326254487
387,3359,0,0.0035042976960539818
387,1090,0,0.00325088226236403
387,1242,0,0.0031870058737695217
387,36,0,0.0030935704708099365
387,1231,0,0.0030634980648756027
387,608,0,0.0029206143226474524
388,2000,0,0.03889468312263489
388,2144,0,0.028382010757923126
388,2990,0,0.01972365379333496
388,2529,0,0.011218239553272724
388,3608,0,0.009338521398603916
388,2115,0,0.008123144507408142
388,3639,0,0.008077331818640232
388,3308,1,0.007736459374427795
388,2247,0,0.005038436967879534
388,3740,0,0.004892949014902115
389,3481,0,0.016401465982198715
389,3753,0,0.015076286159455776
389,3755,0,0.011929145082831383
389,3409,0,0.010880582965910435
389,3566,0,0.009970677085220814
389,3484,0,0.007723656948655844
389,3744,0,0.007438837084919214
389,3534,0,0.00641689682379365
389,3510,0,0.006358149461448193
389,3861,0,0.0057154870592057705
390,3334,0,0.01436976995319128
390,1783,0,0.012720314785838127
390,3826,0,0.009717862121760845
390,2940,0,0.009113159961998463
390,3316,0,0.008515361696481705
390,3262,0,0.008474582806229591
390,3914,0,0.007696646265685558
390,3755,0,0.007126585114747286
390,2026,0,0.006890148390084505
390,1998,0,0.006345220375806093
391,2940,0,0.003871892113238573
391,922,0,0.0032234133686870337
391,541,0,0.002036265330389142
391,904,0,0.0019537233747541904
391,927,0,0.0017411470180377364
391,930,0,0.001738520571961999
391,942,0,0.0017224070616066456
391,2488,0,0.0015505101764574647
391,3624,0,0.0013368260115385056
391,2203,0,0.0012941426830366254
392,3948,0,0.03918824717402458
392,3536,0,0.02714160643517971
392,3408,0,0.01714327745139599
392,3555,0,0.016400491818785667
392,3911,0,0.013478883542120457
392,3624,0,0.01145924162119627
392,3623,0,0.010629438795149326
392,3949,0,0.010358463041484356
392,3751,0,0.008678801357746124
392,3755,0,0.00848428811877966
393,2997,0,0.03535516932606697
393,2908,0,0.018790477886795998
393,1188,0,0.012109695002436638
393,1914,0,0.012096426449716091
393,1734,0,0.012080967426300049
393,1089,0,0.010124881751835346
393,32,0,0.008946897462010384
393,3006,0,0.008442750200629234
393,2336,0,0.008204839192330837
393,1060,0,0.008050060831010342
394,95,0,0.06617598235607147
394,2334,0,0.027150047942996025
394,1597,0,0.020411765202879906
394,316,0,0.019768277183175087
394,1754,0,0.018893394619226456
394,1687,0,0.01809374988079071
394,288,0,0.01778237335383892
394,648,0,0.017395388334989548
394,329,0,0.017263250425457954
394,376,0,0.016469668596982956
395,3253,0,0.009407139383256435
395,1265,0,0.00922036450356245
395,34,0,0.0063155037350952625
395,2324,0,0.0059697870165109634
395,1500,0,0.005747470073401928
395,2395,0,0.005715344101190567
395,3255,0,0.00519419414922595
395,357,0,0.004519847221672535
395,356,0,0.003695440711453557
395,3157,0,0.0032771858386695385
396,3,0,0.03265027329325676
396,736,0,0.031163429841399193
396,830,0,0.015757795423269272
396,153,0,0.012958678416907787
396,520,0,0.012114463374018669
396,169,0,0.00971757248044014
396,2002,0,0.009472448378801346
396,195,0,0.008274790830910206
396,2188,0,0.008242380805313587
396,420,0,0.00811709463596344
397,1394,0,0.009849509224295616
397,1968,0,0.009263250976800919
397,3671,0,0.007447139825671911
397,2804,0,0.007303757593035698
397,1079,0,0.0068566626869142056
397,1080,0,0.005569533444941044
397,1278,0,0.004833996295928955
397,2791,0,0.004588611889630556
397,541,0,0.0036033124197274446
397,356,0,0.002734358888119459
398,350,0,0.0054080490954220295
398,1422,0,0.004694780800491571
398,2231,0,0.003937729634344578
398,832,0,0.002956707263365388
398,1092,0,0.0027812724001705647
398,1061,0,0.002410315675660968
398,695,0,0.002393924631178379
398,1729,0,0.002080598846077919
398,1892,0,0.0020774079021066427
398,22,0,0.0018971468089148402
399,2987,0,0.023704202845692635
399,3176,0,0.01819087378680706
399,2702,0,0.015528867952525616
399,3081,0,0.015406155027449131
399,2396,0,0.014306914061307907
399,2840,0,0.009079261682927608
399,2485,0,0.008902064524590969
399,2841,0,0.008799376897513866
399,3384,0,0.008634761907160282
399,2692,0,0.0078045036643743515
400,318,0,0.008913427591323853
400,1089,0,0.004501106217503548
400,2997,0,0.003063095500692725
400,2028,0,0.002579223830252886
400,2396,0,0.002419469878077507
400,3147,0,0.002089874818921089
400,2324,0,0.0019671202171593904
400,3006,0,0.0017976724775508046
400,1912,0,0.0016399414744228125
400,32,0,0.0012999540194869041
401,292,0,0.027650680392980576
401,832,0,0.025454606860876083
401,2002,0,0.023760855197906494
401,1711,0,0.01474679633975029
401,1616,0,0.010477784089744091
401,517,0,0.00954215507954359
401,1888,0,0.009522110223770142
401,288,0,0.009025379084050655
401,89,0,0.008333812467753887
401,168,0,0.008216040208935738
402,3555,0,0.01163618266582489
402,3863,0,0.010529572144150734
402,3948,0,0.01049321424216032
402,3793,0,0.007916071452200413
402,3615,0,0.007560992147773504
402,3821,0,0.0069597819820046425
402,3513,0,0.006843822076916695
402,3858,0,0.006799706257879734
402,3534,0,0.006034964229911566
402,3316,0,0.005692289676517248
403,2565,0,0.0023993952199816704
403,3624,0,0.0022493042051792145
403,3948,0,0.001392775564454496
403,3745,0,0.001078653847798705
403,551,0,0.0010514920577406883
403,3615,0,0.0007914432790130377
403,2384,0,0.0006786647718399763
403,2657,0,0.0005904048448428512
403,3510,0,0.0005517908721230924
403,3911,0,0.0005495890509337187
404,2707,0,0.02094942517578602
404,2712,0,0.019355300813913345
404,2355,0,0.011157523840665817
404,2908,0,0.010021145455539227
404,2433,0,0.006881815381348133
404,223,0,0.006686343811452389
404,2966,0,0.0057717966847121716
404,2575,0,0.005387081298977137
404,1673,0,0.005360738839954138
404,2336,0,0.005140204448252916
405,2324,0,0.006968420464545488
405,2997,0,0.005018988158553839
405,3255,0,0.003809537272900343
405,2112,0,0.0037572707515209913
405,3897,0,0.0031372206285595894
405,509,0,0.0030185480136424303
405,1096,0,0.002667509950697422
405,2020,0,0.002476756926625967
405,2791,0,0.002432063454762101
405,3915,0,0.002359011210501194
406,2194,0,0.02235647663474083
406,3039,0,0.022026270627975464
406,1580,0,0.018507570028305054
406,2302,0,0.016897577792406082
406,3178,0,0.010462752543389797
406,2115,0,0.010373393073678017
406,3809,0,0.009896907955408096
406,2916,0,0.009639745578169823
406,480,0,0.009246000088751316
406,2985,0,0.009201854467391968
407,1179,0,0.029315879568457603
407,866,0,0.01844814047217369
407,1729,0,0.01409875601530075
407,47,0,0.012856555171310902
407,50,0,0.010173656977713108
407,1625,0,0.008322928100824356
407,608,0,0.005328093655407429
407,1358,0,0.005234430078417063
407,1466,0,0.005189009476453066
407,1252,0,0.004582430236041546
408,2390,0,0.016186051070690155
408,1393,0,0.014314338564872742
408,272,0,0.010539357550442219
408,2686,0,0.008182892575860023
408,1589,0,0.008074481040239334
408,17,0,0.007428890094161034
408,1885,0,0.006913256831467152
408,538,0,0.006382952444255352
408,101,0,0.006259440910071135
408,492,0,0.006154580507427454
409,412,0,0.0026206066831946373
409,1645,0,0.0023428054992109537
409,1892,0,0.0019938121549785137
409,1589,0,0.001957099884748459
409,866,0,0.001860148273408413
409,1466,0,0.0017946441657841206
409,1059,0,0.0015623447252437472
409,805,0,0.00155200669541955
409,491,0,0.0015207905089482665
409,3148,0,0.0014492847258225083
410,2144,0,0.01599072851240635
410,1042,0,0.012826463207602501
410,500,0,0.012796638533473015
410,2567,0,0.012200349010527134
410,141,0,0.010348017327487469
410,3263,0,0.009382479824125767
410,1517,0,0.007103289943188429
410,2302,0,0.006850654259324074
410,367,0,0.006410535424947739
410,3261,0,0.006013310980051756
411,3911,0,0.014115670695900917
411,1772,0,0.010519975796341896
411,3316,0,0.009258858859539032
411,3948,0,0.008933480829000473
411,317,0,0.006004303693771362
411,3793,0,0.005733621306717396
411,2724,0,0.004905896261334419
411,1367,0,0.004538984503597021
411,3615,0,0.004329643677920103
411,2431,0,0.004085383377969265
412,3858,0,0.043531838804483414
412,3794,0,0.029330572113394737
412,3946,0,0.02482316829264164
412,3566,0,0.023878013715147972
412,3536,0,0.019503867253661156
412,3952,0,0.016710063442587852
412,3916,0,0.01611962728202343
412,3949,0,0.014127098955214024
412,3534,0,0.01383109763264656
412,3624,0,0.013650600798428059
413,783,0,0.039449822157621384
413,673,0,0.027006112039089203
413,616,0,0.024197885766625404
413,3483,0,0.02189979888498783
413,2139,0,0.018734615296125412
413,48,0,0.018494175747036934
413,3615,0,0.01637551188468933
413,1405,0,0.014271368272602558
413,3034,0,0.013844861648976803
413,2394,0,0.012327222153544426
414,1783,0,0.015347023494541645
414,1422,0,0.013546277768909931
414,3386,0,0.011503086425364017
414,1589,0,0.011094327084720135
414,942,0,0.008031550794839859
414,350,0,0.007078820839524269
414,1625,0,0.006076201796531677
414,930,0,0.005787511356174946
414,903,0,0.00531256478279829
414,3384,0,0.005214557982981205
415,2000,0,0.0017048739828169346
415,2115,0,0.001653759740293026
415,1127,0,0.0015608790563419461
415,3740,0,0.001478506252169609
415,1376,0,0.0014676693826913834
415,2144,0,0.0014519869582727551
415,1261,0,0.00136383471544832
415,3104,0,0.001348921679891646
415,3770,0,0.0012706356355920434
415,2926,0,0.0012440098216757178
416,1261,0,0.004806914832442999
416,2455,0,0.0020449981093406677
416,2716,0,0.0017454627668485045
416,2160,0,0.0015095070702955127
416,1333,0,0.0010999790392816067
416,741,0,0.001003533834591508
416,3535,0,0.0009285155101679265
416,2657,0,0.0009096880094148219
416,968,0,0.0007817318546585739
416,2571,0,0.000781406881287694
417,2687,0,0.09482420980930328
417,2096,0,0.0564865879714489
417,2087,0,0.040882959961891174
417,1029,0,0.032469429075717926
417,3034,0,0.029214737936854362
417,364,0,0.026087867096066475
417,2137,0,0.02338344044983387
417,2018,0,0.021512672305107117
417,1282,0,0.019098808988928795
417,661,0,0.018832724541425705
418,1089,0,0.0033535833936184645
418,3147,0,0.0029653129167854786
418,296,0,0.0019913241267204285
418,50,0,0.0019490368431434035
418,1617,0,0.001158539205789566
418,1343,0,0.0009238419588655233
418,1625,0,0.0009198248153552413
418,2391,0,0.0008531805942766368
418,2672,0,0.0008351165452040732
418,903,0,0.0008053770870901644
419,3081,0,0.09259409457445145
419,2702,0,0.05326809361577034
419,2841,0,0.04318518936634064
419,3157,0,0.03978576883673668
419,2987,0,0.0318671278655529
419,2485,0,0.03157396614551544
419,3384,0,0.029535019770264626
419,3176,0,0.018649490550160408
419,2961,0,0.014418716542422771
419,2700,0,0.01304845605045557
420,2700,0,0.0029131968040019274
420,3745,0,0.002720570657402277
420,955,0,0.002397011499851942
420,3114,0,0.0022264139261096716
420,3159,0,0.001653754967264831
420,3911,0,0.0015671420842409134
420,1449,0,0.0012837982503697276
420,2762,0,0.001146122463978827
420,588,0,0.0010946509428322315
420,3675,0,0.0010110888397321105
421,1544,0,0.0061019668355584145
421,70,0,0.00542974378913641
421,736,0,0.0037396103143692017
421,95,0,0.0037255780771374702
421,3354,0,0.0035147913731634617
421,3513,0,0.003404132556170225
421,2763,0,0.003273627022281289
421,648,0,0.0032120964024215937
421,2719,0,0.0023870887234807014
421,3623,0,0.002341763349249959
422,924,0,0.01267974078655243
422,1653,0,0.00899882335215807
422,3703,0,0.00776303606107831
422,1376,0,0.00746205123141408
422,741,0,0.006902072578668594
422,1219,0,0.006326260045170784
422,1625,0,0.005640596617013216
422,1344,0,0.004478815011680126
422,3702,0,0.003275858471170068
422,2664,0,0.003067657584324479
423,3384,0,0.06828249990940094
423,2701,0,0.012196021154522896
423,2485,0,0.007910841144621372
423,3273,0,0.00493259821087122
423,2907,0,0.0028655061032623053
423,2806,0,0.0027795403730124235
423,2841,0,0.0026776581071317196
423,2840,0,0.002584501402452588
423,3185,0,0.0025652069598436356
423,3793,1,0.002393335336819291
424,3916,0,0.011650782078504562
424,3911,0,0.0071899378672242165
424,3948,0,0.006658946163952351
424,3896,0,0.0054411981254816055
424,3004,0,0.004387618042528629
424,3952,0,0.004074804484844208
424,3951,0,0.0025396307464689016
424,94,0,0.002332732081413269
424,3271,0,0.002316961530596018
424,3051,0,0.00220361165702343
425,2384,0,0.019321931526064873
425,1784,0,0.00884606409817934
425,2174,0,0.0085157360881567
425,2997,0,0.005768055561929941
425,2797,0,0.0042088646441698074
425,1883,0,0.00410260446369648
425,1265,0,0.003802000544965267
425,367,0,0.0025706433225423098
425,2918,0,0.002328220522031188
425,1089,0,0.002181695308536291
426,1499,0,0.018847204744815826
426,1882,0,0.010712943971157074
426,836,0,0.008588211610913277
426,2253,0,0.008449316956102848
426,181,0,0.007346153259277344
426,2807,0,0.0071045756340026855
426,2808,0,0.006949526257812977
426,2422,0,0.006733973976224661
426,405,0,0.0058852373622357845
426,172,0,0.005764107219874859
427,1965,0,0.09671901166439056
427,3927,0,0.0756610631942749
427,2454,0,0.03464270010590553
427,3926,0,0.013591049239039421
427,3918,0,0.011572195217013359
427,1970,0,0.011472508311271667
427,3937,0,0.011289608664810658
427,3930,0,0.010379151441156864
427,3450,0,0.010208473540842533
427,2533,0,0.009937793016433716
428,357,0,0.005995636805891991
428,11,0,0.005892885383218527
428,497,0,0.004866329953074455
428,539,0,0.004690765868872404
428,1569,0,0.0031040769536048174
428,647,0,0.0027851248160004616
428,356,0,0.002671128837391734
428,597,0,0.002442252356559038
428,1094,0,0.0018309784354642034
428,440,0,0.001824905863031745
429,3513,0,0.00317036802880466
429,1515,0,0.0029202664736658335
429,1876,0,0.0017916662618517876
429,3753,0,0.0015844441950321198
429,3249,0,0.0015224958769977093
429,3298,0,0.0013609027955681086
429,1092,0,0.0012238877825438976
429,1717,0,0.0012167937820777297
429,3452,0,0.0010560775408521295
429,2338,0,0.0010161889949813485
430,852,0,0.026484113186597824
430,2424,0,0.019670963287353516
430,587,0,0.014448538422584534
430,1580,0,0.012885439209640026
430,1777,0,0.010646000504493713
430,3450,0,0.009039892815053463
430,736,0,0.007492740172892809
430,2496,0,0.006624186411499977
430,141,0,0.006242566276341677
430,2497,0,0.006134313065558672
431,2571,0,0.06104413419961929
431,527,0,0.033630482852458954
431,1221,0,0.022344054654240608
431,608,0,0.021262621507048607
431,858,0,0.013468798249959946
431,110,0,0.012503364123404026
431,2804,0,0.01155430730432272
431,541,0,0.011533279903233051
431,1250,0,0.010952065698802471
431,1089,0,0.00910010002553463
432,195,0,0.0069277784787118435
432,2485,0,0.0036428349558264017
432,830,0,0.0034748574253171682
432,370,0,0.0034735766239464283
432,1731,0,0.0031244871206581593
432,3146,0,0.0030676228925585747
432,2266,0,0.0028335978277027607
432,1457,0,0.0025347406044602394
432,186,0,0.0024701752699911594
432,520,0,0.0024252086877822876
433,7,0,0.04381905868649483
433,252,0,0.022451870143413544
433,2012,0,0.021565668284893036
433,378,0,0.020775847136974335
433,3263,0,0.013720031827688217
433,3450,0,0.012993321754038334
433,830,0,0.012258796021342278
433,597,0,0.011481890454888344
433,2496,0,0.008650710806250572
433,186,0,0.008454282768070698
434,1414,0,0.0063851503655314445
434,2700,0,0.006062127184122801
434,45,0,0.004476435482501984
434,3549,0,0.004126537591218948
434,3396,0,0.0041059148497879505
434,2761,0,0.004036739468574524
434,364,0,0.003616481786593795
434,3159,0,0.0031969575211405754
434,551,0,0.003108818316832185
434,1907,0,0.002790655940771103
435,2405,0,0.021060720086097717
435,208,0,0.008860643953084946
435,1772,0,0.007458332926034927
435,546,0,0.007426942698657513
435,996,0,0.006652467884123325
435,3764,0,0.006327638402581215
435,1499,0,0.005630167666822672
435,1556,0,0.005285253748297691
435,836,0,0.0052263569086790085
435,168,0,0.004979337565600872
436,546,0,0.032223135232925415
436,2986,0,0.03206988051533699
436,2053,1,0.03006134368479252
436,880,0,0.027895499020814896
436,173,0,0.02482546679675579
436,2808,0,0.02034723572432995
436,160,0,0.020327838137745857
436,1779,0,0.020272741094231606
436,2450,0,0.014793431386351585
436,2448,0,0.014598092995584011
437,1242,0,0.02276083640754223
437,1240,0,0.013803360983729362
437,2948,0,0.013432416133582592
437,589,0,0.010772447101771832
437,1214,0,0.00935955811291933
437,260,0,0.008992908522486687
437,1960,0,0.008365968242287636
437,457,0,0.006133969873189926
437,110,0,0.0053937844932079315
437,1222,0,0.005379721522331238
438,3624,0,0.05219248682260513
438,3948,0,0.039385873824357986
438,3481,0,0.03162515535950661
438,3316,0,0.017625896260142326
438,3949,0,0.01727038063108921
438,3720,0,0.017159972339868546
438,3536,0,0.01659497432410717
438,3916,0,0.01621241308748722
438,3148,0,0.016200697049498558
438,3897,0,0.01379991602152586
439,3555,0,0.03006378561258316
439,3624,0,0.00794058758765459
439,3536,0,0.0033300817012786865
439,3316,0,0.003216727636754513
439,3946,0,0.0029224103782325983
439,3327,0,0.0027754066977649927
439,3744,0,0.002747271442785859
439,3510,0,0.0026112408377230167
439,3745,0,0.0024629870895296335
439,3481,0,0.002410058630630374
440,1923,0,0.010559356771409512
440,1569,0,0.010219118557870388
440,3178,0,0.005728056188672781
440,587,0,0.003951427526772022
440,2006,0,0.003718990832567215
440,3253,0,0.0031709959730505943
440,1721,0,0.003168119816109538
440,380,0,0.002810177393257618
440,1777,0,0.002779823960736394
440,480,0,0.0024487916380167007
441,1291,0,0.021030737087130547
441,110,0,0.014149677008390427
441,1262,0,0.013001494109630585
441,858,0,0.012697510421276093
441,1210,0,0.012057740241289139
441,1387,0,0.011813233606517315
441,1617,0,0.008555515669286251
441,2947,0,0.00814287643879652
441,969,0,0.006962178274989128
441,1610,0,0.006722916848957539
442,3858,0,0.04497269168496132
442,3952,0,0.035312335938215256
442,3911,0,0.03378349170088768
442,3893,0,0.023502860218286514
442,3783,0,0.016034353524446487
442,3536,0,0.012242444790899754
442,3948,1,0.011767635121941566
442,3915,0,0.010338733904063702
442,3794,0,0.00856065098196268
442,2769,0,0.00838365126401186
443,1225,0,0.04743177443742752
443,593,0,0.029598180204629898
443,2028,0,0.014746314845979214
443,1250,0,0.01443916279822588
443,1204,0,0.01004580408334732
443,750,0,0.009930764324963093
443,904,0,0.00813267845660448
443,908,0,0.007923262193799019
443,1178,0,0.007585874292999506
443,1193,0,0.006296322215348482
444,1261,0,0.034678176045417786
444,2455,0,0.016500629484653473
444,2791,0,0.015415756031870842
444,1282,0,0.015312792733311653
444,3675,0,0.0146821653470397
444,551,0,0.012151732109487057
444,2657,0,0.008406272158026695
444,1673,0,0.00623945239931345
444,3160,0,0.005204434972256422
444,1284,0,0.004464710131287575
445,3681,0,0.03732007369399071
445,1944,0,0.029650693759322166
445,2922,0,0.0223375391215086
445,3365,0,0.019277779385447502
445,1201,0,0.015264871530234814
445,1927,0,0.013753604143857956
445,2951,0,0.01309499517083168
445,3675,0,0.012631479650735855
445,1283,0,0.012328086420893669
445,2863,0,0.00826580822467804
446,2858,0,0.024298587813973427
446,1269,0,0.022979775443673134
446,2791,0,0.0207867082208395
446,2289,0,0.018054181709885597
446,3421,0,0.015924669802188873
446,1276,0,0.013743937946856022
446,2997,0,0.01196050364524126
446,1282,0,0.011871828697621822
446,1288,0,0.010984323918819427
446,3948,0,0.009616314433515072
447,2096,0,0.029003113508224487
447,2139,0,0.018424198031425476
447,1907,0,0.012976562604308128
447,2078,0,0.012904995121061802
447,2687,0,0.00716746598482132
447,2137,0,0.006758159026503563
447,3675,0,0.00638384697958827
447,2087,0,0.00618338119238615
447,1282,0,0.005530674010515213
447,2090,0,0.005205660127103329
448,3176,0,0.06408671289682388
448,2702,0,0.05077606812119484
448,3157,0,0.048059649765491486
448,2762,0,0.04460540786385536
448,3081,0,0.04310294985771179
448,2692,0,0.03324378654360771
448,3384,0,0.03254667669534683
448,2724,0,0.032324858009815216
448,2686,0,0.014881030656397343
448,2987,0,0.014441591687500477
449,2160,0,0.031298477202653885
449,366,0,0.017876891419291496
449,1971,0,0.01597929559648037
449,2657,1,0.011631240136921406
449,2459,0,0.009911428205668926
449,3927,0,0.009443085640668869
449,3918,0,0.008747267536818981
449,2634,0,0.00864897109568119
449,1970,0,0.007576048374176025
449,2746,0,0.0071442704647779465
450,3421,0,0.0042186640202999115
450,2289,0,0.003517210017889738
450,3671,0,0.0032450577709823847
450,1276,0,0.003052542684599757
450,908,0,0.0029848795384168625
450,1252,0,0.002795030362904072
450,905,0,0.0027151042595505714
450,898,0,0.002659196499735117
450,1256,0,0.002346151042729616
450,1178,0,0.002093194518238306
451,39,0,0.019020019099116325
451,2395,0,0.01637132838368416
451,2390,0,0.015256068669259548
451,1883,0,0.015222416259348392
451,21,0,0.011846826411783695
451,1643,0,0.008883128874003887
451,2248,0,0.008335482329130173
451,125,0,0.005843158811330795
451,3060,0,0.00576468650251627
451,1958,0,0.005357970949262381
452,2600,0,0.01179556455463171
452,1556,0,0.00905840564519167
452,160,0,0.008401146158576012
452,2803,0,0.0083733219653368
452,427,0,0.007985495962202549
452,3145,0,0.007831419818103313
452,3646,0,0.005470834206789732
452,3557,0,0.005093288607895374
452,2338,0,0.0050635975785553455
452,1515,0,0.004815507680177689
453,3624,0,0.03642670437693596
453,1252,0,0.03175612539052963
453,942,0,0.013578344136476517
453,2203,0,0.012947862967848778
453,3952,0,0.010192317888140678
453,3751,0,0.009959603659808636
453,3159,0,0.00912388414144516
453,3623,0,0.008746965788304806
453,3794,0,0.008730548433959484
453,3615,0,0.00804829504340887
454,2374,0,0.00852629542350769
454,1958,0,0.007258434779942036
454,3791,0,0.006863984279334545
454,2376,0,0.006741616874933243
454,2421,0,0.006308938842266798
454,3591,0,0.006126942578703165
454,1711,0,0.005751751363277435
454,153,0,0.0055059874430298805
454,3698,0,0.005316531285643578
454,3877,0,0.004415805451571941
455,2788,0,0.026047885417938232
455,111,0,0.019399890676140785
455,1234,0,0.017092105001211166
455,2804,0,0.01704338751733303
455,1235,0,0.016364647075533867
455,1244,0,0.016321124508976936
455,898,0,0.014988821931183338
455,1278,0,0.009628265164792538
455,1259,0,0.009064744226634502
455,3468,0,0.007893391884863377
456,1370,0,0.02002391405403614
456,2058,0,0.011821660213172436
456,2353,0,0.006442626938223839
456,1573,0,0.006311969365924597
456,21,0,0.00413175206631422
456,733,1,0.004008727613836527
456,493,0,0.0036703560035675764
456,2273,0,0.003637171583250165
456,3178,0,0.0033926486503332853
456,6,0,0.0030687875114381313
457,1343,0,0.019484978169202805
457,3386,0,0.017576294019818306
457,1732,0,0.009882362559437752
457,3044,0,0.008859383873641491
457,1645,0,0.004480164498090744
457,2763,0,0.004282610956579447
457,1422,0,0.003998698201030493
457,1729,0,0.003989221528172493
457,47,0,0.0039111846126616
457,1805,0,0.003821686143055558
458,1971,0,0.07767953723669052
458,3,0,0.04748523235321045
458,1972,0,0.0286975409835577
458,1976,0,0.02478042058646679
458,1969,0,0.02383044920861721
458,3484,0,0.023385902866721153
458,3937,0,0.022198805585503578
458,3354,0,0.02100224792957306
458,804,0,0.020273661240935326
458,1986,0,0.017151469364762306
459,3081,0,0.06149620562791824
459,2702,0,0.04614276811480522
459,2841,0,0.024853158742189407
459,2700,0,0.01686028018593788
459,3157,0,0.015664201229810715
459,2961,0,0.014062432572245598
459,2806,0,0.011518784798681736
459,2692,0,0.006183278746902943
459,2840,0,0.004144826903939247
459,2395,0,0.004060672130435705
460,3210,0,0.02017267234623432
460,3253,0,0.01734117604792118
460,2407,0,0.012763451784849167
460,3809,0,0.01163782924413681
460,2423,0,0.009410115890204906
460,1485,0,0.00885484367609024
460,1042,0,0.00878134835511446
460,1569,0,0.00874662958085537
460,104,0,0.008567729964852333
460,1968,0,0.007982133887708187
461,1252,0,0.015407458879053593
461,1729,0,0.004123514983803034
461,800,0,0.002343737753108144
461,1719,0,0.0022172650787979364
461,3551,0,0.0021940756123512983
461,3418,0,0.0019775305408984423
461,1358,0,0.001805842388421297
461,3083,0,0.0017828395357355475
461,1179,0,0.0015776542713865638
461,6,0,0.0015609264373779297
462,3793,0,0.014633649960160255
462,2987,0,0.013052260503172874
462,2571,0,0.009988407604396343
462,160,0,0.009413477033376694
462,1097,0,0.008924111723899841
462,1343,0,0.007811705116182566
462,741,0,0.007463767658919096
462,2985,0,0.007426755037158728
462,1527,0,0.00727722467854619
462,3755,0,0.007197760511189699
463,3388,0,0.06378047168254852
463,2088,0,0.05471016466617584
463,2380,0,0.05008240044116974
463,2471,0,0.037709154188632965
463,1091,0,0.02272157557308674
463,1474,0,0.01958722248673439
463,19,0,0.013567937538027763
463,1592,0,0.013333804905414581
463,169,0,0.010134859941899776
463,153,0,0.01008048839867115
464,1393,0,0.031907353550195694
464,1914,0,0.028859972953796387
464,1500,0,0.0263028796762228
464,32,0,0.023265797644853592
464,337,0,0.013219732791185379
464,1188,0,0.01078857108950615
464,1747,0,0.009292013943195343
464,3148,0,0.009273440577089787
464,1923,0,0.006751862820237875
464,1660,0,0.006560943089425564
465,3148,0,0.032400257885456085
465,34,0,0.01738695800304413
465,1617,0,0.014320798218250275
465,1704,0,0.012879736721515656
465,1635,0,0.01273935567587614
465,3160,0,0.012610104866325855
465,3897,0,0.011061360128223896
465,3007,0,0.010758067481219769
465,3863,0,0.009513983502984047
465,778,0,0.0082840695977211
466,1927,0,0.007180097512900829
466,1272,0,0.006003056187182665
466,110,0,0.0059653534553945065
466,1960,0,0.0050053843297064304
466,457,0,0.004870681092143059
466,1036,0,0.004847761243581772
466,1250,0,0.004780967254191637
466,527,0,0.0036243011709302664
466,1228,0,0.002600844716653228
466,1240,0,0.002576064318418503
467,608,0,0.005119036417454481
467,110,0,0.004380408674478531
467,2858,0,0.0025720575358718634
467,1233,0,0.002344167558476329
467,1704,0,0.0023230609949678183
467,36,0,0.002159892348572612
467,1299,0,0.002102672355249524
467,1263,0,0.0017804511589929461
467,457,0,0.0017764264484867454
467,2336,0,0.0017532759811729193
468,1094,0,0.21681822836399078
468,1721,0,0.05585097521543503
468,3105,0,0.03053058125078678
468,534,0,0.025820130482316017
468,1357,0,0.024517159909009933
468,25,0,0.022055208683013916
468,2125,0,0.012934855185449123
468,508,0,0.012305972166359425
468,1271,0,0.011127347126603127
468,2291,0,0.009389975108206272
469,898,0,0.03471186384558678
469,3871,0,0.018337663263082504
469,910,0,0.01499889325350523
469,1945,0,0.014586524106562138
469,2948,0,0.012797192670404911
469,3468,0,0.012242492288351059
469,965,0,0.012132696807384491
469,916,0,0.01061279233545065
469,3730,0,0.0094646867364645
469,905,0,0.00945993047207594
470,616,0,0.014907347038388252
470,2018,0,0.008207732811570168
470,1035,0,0.008042423985898495
470,2090,0,0.00796579010784626
470,2139,0,0.007867386564612389
470,1907,0,0.007596807088702917
470,2085,0,0.007254764437675476
470,2099,0,0.007216866128146648
470,2394,0,0.007173297461122274
470,2080,0,0.00715066259726882
471,880,0,0.06380804628133774
471,405,0,0.03885745629668236
471,2549,0,0.028275197371840477
471,519,0,0.02672662027180195
471,160,0,0.02612336352467537
471,1591,0,0.024549826979637146
471,173,0,0.023787906393408775
471,3802,0,0.017460476607084274
471,1882,0,0.015251434408128262
471,1779,0,0.013887767679989338
472,908,0,0.03854928910732269
472,2333,0,0.023722488433122635
472,1617,0,0.016620101407170296
472,608,0,0.013872820883989334
472,1284,0,0.013167690485715866
472,2966,0,0.010505574755370617
472,2324,0,0.01044020988047123
472,2997,0,0.009772946126759052
472,1179,0,0.008409506641328335
472,2028,0,0.007874789647758007
473,3675,0,0.0511464960873127
473,914,0,0.049383196979761124
473,2137,0,0.02775699645280838
473,783,0,0.026610007509589195
473,1028,0,0.026518285274505615
473,2565,0,0.023913027718663216
473,1032,0,0.019775433465838432
473,1688,0,0.016807131469249725
473,1566,0,0.015486822463572025
473,938,0,0.012632365338504314
474,1035,0,0.0022934379521757364
474,551,0,0.0015632015420123935
474,2028,0,0.0013682524440810084
474,3930,0,0.0012930507073178887
474,1269,0,0.0011894404888153076
474,2160,0,0.001175101613625884
474,908,0,0.001044628326781094
474,1282,0,0.0007443750509992242
474,589,0,0.0005686350050382316
474,2858,0,0.0005364445387385786
475,1958,0,0.047196824103593826
475,2134,0,0.01268714852631092
475,3422,0,0.011464064940810204
475,2144,0,0.011142981238663197
475,2469,0,0.009191702120006084
475,2088,0,0.008150584064424038
475,2133,0,0.007280838210135698
475,3526,0,0.007077248301357031
475,2413,0,0.006615519989281893
475,2407,0,0.006100407801568508
476,1772,0,0.0006192196160554886
476,1556,0,0.0005356516339816153
476,527,0,0.0004392581176944077
476,1702,0,0.0003793572832364589
476,181,0,0.0003666096890810877
476,1196,0,0.0003460404695942998
476,1198,0,0.00030293496092781425
476,1931,0,0.00027095546829514205
476,2807,0,0.00025039789034053683
476,1750,0,0.00019794449326582253
477,2807,1,0.046986497938632965
477,2412,0,0.026813264936208725
477,519,0,0.02600114792585373
477,3401,0,0.018104633316397667
477,405,0,0.014429371803998947
477,3802,0,0.01393644418567419
477,1497,0,0.010995235294103622
477,1004,0,0.010378343984484673
477,1772,0,0.010270524770021439
477,1744,0,0.009811218827962875
478,515,0,0.014212836511433125
478,2324,0,0.00969232153147459
478,994,0,0.008551372215151787
478,2289,0,0.007352786138653755
478,232,0,0.006404517218470573
478,1885,0,0.006251587998121977
478,535,0,0.004264454822987318
478,1500,0,0.0040009948424994946
478,2336,0,0.0032687592320144176
478,2501,0,0.0029939631931483746
479,1729,0,0.025730416178703308
479,6,0,0.021413424983620644
479,2194,0,0.019549744203686714
479,1393,0,0.013961701653897762
479,293,0,0.012536099180579185
479,16,0,0.008221508003771305
479,2353,0,0.008083970285952091
479,1682,0,0.008069859817624092
479,733,0,0.007653445936739445
479,1089,0,0.007435305509716272
480,3513,0,0.04633357748389244
480,3624,0,0.018426164984703064
480,3578,0,0.015396869741380215
480,3555,0,0.01489990670233965
480,3618,0,0.01237274706363678
480,3536,0,0.012163658626377583
480,3534,0,0.011900252662599087
480,3481,0,0.010375765152275562
480,3566,0,0.008334855549037457
480,3646,0,0.007622017990797758
481,2797,0,0.007194367237389088
481,2174,0,0.006843965500593185
481,1077,0,0.006738692056387663
481,1028,0,0.00641686050221324
481,1994,0,0.006098371930420399
481,3526,0,0.004656679928302765
481,2657,0,0.004360463470220566
481,2791,0,0.004053730051964521
481,3801,0,0.003910595551133156
481,2716,0,0.0037492376286536455
482,3,0,0.02484011836349964
482,542,0,0.019249942153692245
482,1453,0,0.018427349627017975
482,169,0,0.016202325001358986
482,762,0,0.014332585036754608
482,1353,0,0.012426639907062054
482,195,0,0.01201045885682106
482,415,0,0.011455176398158073
482,419,0,0.010057720355689526
482,691,0,0.00883596669882536
483,1231,0,0.013041838072240353
483,260,0,0.011289779096841812
483,1197,0,0.0106563875451684
483,3424,0,0.010454267263412476
483,1394,0,0.009940061718225479
483,3543,0,0.009153909049928188
483,1278,0,0.008800126612186432
483,1234,0,0.0051253666169941425
483,2664,0,0.004938236437737942
483,1945,0,0.003970670513808727
484,3081,0,0.01585428975522518
484,2841,0,0.013296241872012615
484,2840,0,0.0111301364377141
484,2485,0,0.010422573424875736
484,3798,0,0.010210169479250908
484,2724,0,0.0084819495677948
484,2686,0,0.00794813223183155
484,3157,0,0.007568705826997757
484,2961,0,0.006965576205402613
484,2987,0,0.006327210925519466
485,11,0,0.02189061790704727
485,3210,0,0.017612788826227188
485,3253,0,0.017186420038342476
485,1307,0,0.01678338274359703
485,2081,0,0.013175847008824348
485,1968,0,0.01291390135884285
485,3039,0,0.012344297021627426
485,2463,0,0.012279758229851723
485,3526,0,0.012242860160768032
485,356,0,0.009449886158108711
486,2396,0,0.02639225497841835
486,2700,0,0.0060863071121275425
486,3176,0,0.005472838878631592
486,2761,0,0.0049902573227882385
486,2282,0,0.004181356634944677
486,2908,0,0.003437463892623782
486,2575,0,0.002991077955812216
486,1,0,0.0024337915237993
486,1914,0,0.002095958683639765
486,745,0,0.00197935220785439
487,356,0,0.016587020829319954
487,21,0,0.016335828229784966
487,3114,0,0.012354607693850994
487,266,0,0.01224113255739212
487,1584,0,0.012123472057282925
487,551,0,0.011202610097825527
487,1777,0,0.011200922541320324
487,2797,0,0.010207935236394405
487,2174,0,0.009300176985561848
487,3868,0,0.008973166346549988
488,2571,0,0.10301266610622406
488,589,0,0.018056929111480713
488,3702,0,0.016688115894794464
488,541,0,0.016253164038062096
488,3471,0,0.016009585931897163
488,1240,1,0.015349199995398521
488,1199,0,0.014554744586348534
488,32,0,0.01453556027263403
488,924,0,0.01258059497922659
488,1270,0,0.01159754954278469
489,1230,0,0.020095663145184517
489,527,0,0.0035048029385507107
489,318,1,0.00218803808093071
489,923,0,0.002093161456286907
489,1256,0,0.0018410796765238047
489,1213,0,0.0016818128060549498
489,1294,0,0.0016506926622241735
489,745,0,0.001438957522623241
489,2324,0,0.0013172668404877186
489,593,0,0.0011326936073601246
490,673,0,0.014699023216962814
490,169,0,0.011396750807762146
490,2090,0,0.008544111624360085
490,586,0,0.005993598606437445
490,783,0,0.005132236983627081
490,2141,0,0.005060275550931692
490,2,0,0.0047050416469573975
490,239,0,0.004557613283395767
490,1688,0,0.004450748208910227
490,558,0,0.004313778132200241
491,1270,0,0.0005683297640644014
491,1307,0,0.0003509317757561803
491,2100,0,0.0003226165135856718
491,3448,0,0.0003020052390638739
491,2291,0,0.0002212969702668488
491,1965,0,0.00019239122048020363
491,3753,0,0.0001706521725282073
491,1220,0,0.00015691017324570566
491,1393,0,0.00015240749053191394
491,1035,0,0.00013858609599992633
492,3203,0,0.05912647396326065
492,2147,0,0.046531349420547485
492,2772,0,0.027454622089862823
492,2355,0,0.025552868843078613
492,2555,0,0.024293404072523117
492,2707,0,0.023562775924801826
492,2683,0,0.022784743458032608
492,2546,0,0.017644943669438362
492,2722,0,0.016632627695798874
492,3516,0,0.01480028685182333
493,1476,0,0.014500991441309452
493,1914,0,0.008951254189014435
493,45,0,0.008612927980720997
493,805,0,0.00821087509393692
493,1095,0,0.007300625555217266
493,337,0,0.006945016328245401
493,224,0,0.006174145266413689
493,1339,0,0.0061049736104905605
493,1589,0,0.005822170991450548
493,1393,0,0.005649702623486519
494,160,0,0.04967021942138672
494,2807,0,0.012310444377362728
494,2053,0,0.0117618627846241
494,2450,0,0.010135096497833729
494,153,0,0.009914149530231953
494,405,0,0.009771639481186867
494,546,0,0.009431464597582817
494,173,0,0.008372614160180092
494,2549,0,0.007790165953338146
494,673,0,0.006091191899031401
495,104,0,0.006656664423644543
495,3157,0,0.005805656313896179
495,11,0,0.0034242381807416677
495,3263,0,0.003228667890653014
495,1573,0,0.0031391007360070944
495,2572,0,0.0030763435643166304
495,648,0,0.0029199745040386915
495,1569,0,0.0026345853693783283
495,3175,0,0.0021879621781408787
495,500,0,0.0021233409643173218
496,1252,0,0.012124089524149895
496,3615,0,0.00392139283940196
496,922,0,0.0033628519158810377
496,3435,0,0.0032391822896897793
496,3946,0,0.003098561428487301
496,913,0,0.0025192315224558115
496,3793,0,0.002004331210628152
496,3564,0,0.001994043355807662
496,1204,0,0.0019290196942165494
496,2940,0,0.0017324426444247365
497,2161,0,0.007277210708707571
497,2174,0,0.004497911315411329
497,2005,0,0.002298088511452079
497,2872,0,0.0018661210779100657
497,1073,0,0.0018321436364203691
497,2100,0,0.0016167275607585907
497,2021,0,0.0015841431450098753
497,2054,0,0.0009494480909779668
497,367,0,0.0006909002549946308
497,2968,0,0.0006817360408604145
498,1378,0,0.011970268562436104
498,2990,0,0.011824279092252254
498,3948,0,0.007869696244597435
498,2405,0,0.006077383179217577
498,3671,0,0.005882271099835634
498,3751,0,0.005083195399492979
498,2478,0,0.005072222091257572
498,3039,0,0.004826429300010204
498,2145,0,0.003953350707888603
498,2193,0,0.0038955428171902895
499,1589,0,0.0834551677107811
499,1805,0,0.03130627050995827
499,2231,0,0.024742258712649345
499,2390,0,0.016401277855038643
499,1625,0,0.013535947538912296
499,3386,0,0.013104059733450413
499,1729,0,0.011560266837477684
499,3145,0,0.009474944323301315
499,538,0,0.009365255013108253
499,1732,0,0.009289950132369995
500,2906,0,0.0032842105720192194
500,3946,0,0.001954801846295595
500,3225,0,0.0012883779127150774
500,3327,0,0.0012808551546186209
500,3146,0,0.0012212223373353481
500,160,0,0.0011760609922930598
500,169,0,0.001063759089447558
500,3751,0,0.0008879380766302347
500,2835,0,0.0008121165446937084
500,3555,0,0.0007102186791598797
501,1981,0,0.025080908089876175
501,1998,0,0.020870113745331764
501,891,0,0.015414736233651638
501,3709,0,0.012290514074265957
501,606,0,0.01058806013315916
501,1980,0,0.010484323836863041
501,1975,0,0.010413166135549545
501,2940,0,0.009298513643443584
501,2119,0,0.006853705272078514
501,1978,0,0.00675596110522747
502,1276,0,0.004505773540586233
502,608,0,0.00446692667901516
502,1213,0,0.004290163982659578
502,923,0,0.0037477456498891115
502,2324,0,0.003419275628402829
502,2396,0,0.002616486744955182
502,1225,0,0.0023645437322556973
502,1207,0,0.0021852515637874603
502,2289,0,0.0018883311422541738
502,2028,1,0.0016495396848767996
503,3508,0,0.039719417691230774
503,3365,0,0.02219970151782036
503,3037,0,0.007749724667519331
503,1209,0,0.006557227578014135
503,3093,0,0.004924662411212921
503,599,0,0.004583511967211962
503,3467,0,0.004562810994684696
503,2922,0,0.0045583005994558334
503,3074,0,0.004292645491659641
503,3487,0,0.003201673738658428
504,942,0,0.028082044795155525
504,1625,0,0.009664141573011875
504,2467,0,0.007680821232497692
504,2203,0,0.006618277169764042
504,1589,0,0.006566789001226425
504,800,0,0.005942338611930609
504,3386,0,0.005597976502031088
504,3262,0,0.005327976308763027
504,904,0,0.0049851080402731895
504,3044,0,0.004590031690895557
505,2100,0,0.0019035909790545702
505,1077,0,0.0013065777020528913
505,3039,0,0.001263597747310996
505,1958,0,0.0011164512252435088
505,3552,0,0.0009620314813219011
505,2926,0,0.0008685785578563809
505,1073,0,0.0006725573330186307
505,1663,0,0.0006549266981892288
505,1965,0,0.0006015280378051102
505,3948,0,0.0005625684279948473
506,3745,0,0.04794011265039444
506,3384,0,0.046488288789987564
506,2600,0,0.025596249848604202
506,2987,0,0.02458092011511326
506,2840,0,0.02290039137005806
506,2485,0,0.0187839325517416
506,2806,0,0.018238022923469543
506,2907,0,0.015499738976359367
506,2841,0,0.01484166830778122
506,3185,0,0.01255389116704464
507,1213,0,0.06577961146831512
507,2289,0,0.05603482574224472
507,1041,0,0.05505584925413132
507,2357,0,0.03984008729457855
507,1230,0,0.02253234200179577
507,2324,0,0.02241475321352482
507,1280,0,0.011971522122621536
507,608,0,0.011462428607046604
507,527,0,0.010868530720472336
507,3730,0,0.010512192733585835
508,3948,0,0.022066760808229446
508,3481,0,0.01537181157618761
508,1466,0,0.013901392929255962
508,1188,0,0.010921208187937737
508,2762,0,0.00904309656471014
508,3753,0,0.008105204440653324
508,1393,0,0.007013303693383932
508,2282,0,0.006067649926990271
508,3911,0,0.005796441808342934
508,3783,0,0.005617158021777868
509,640,1,0.030550748109817505
509,2107,0,0.020562900230288506
509,1556,0,0.015591158531606197
509,510,0,0.015544629655778408
509,200,0,0.015345292165875435
509,1497,0,0.015089969150722027
509,2389,0,0.013926470652222633
509,1744,0,0.01287941262125969
509,1515,0,0.01271967962384224
509,2338,0,0.012226296588778496
510,616,0,0.06518027186393738
510,2092,0,0.03541218861937523
510,2687,0,0.03533918410539627
510,48,0,0.033725306391716
510,1029,0,0.020207751542329788
510,2,0,0.019452229142189026
510,783,0,0.016205547377467155
510,60,0,0.015172646380960941
510,1024,0,0.015154397115111351
510,2096,0,0.013582073152065277
511,2841,0,0.05664559453725815
511,2702,0,0.054424285888671875
511,2840,0,0.04462352767586708
511,2762,0,0.0331062488257885
511,2700,0,0.02441774681210518
511,3384,0,0.021399660035967827
511,2485,0,0.018996458500623703
511,2987,0,0.014627339318394661
511,2670,0,0.0143272764980793
511,2395,0,0.014017372392117977
512,2528,0,0.021860850974917412
512,1092,0,0.02132263593375683
512,376,0,0.01815972477197647
512,1573,0,0.01591361127793789
512,780,0,0.012365694157779217
512,1876,0,0.011317689903080463
512,316,0,0.009018911980092525
512,1805,0,0.008842645213007927
512,1676,0,0.006835142150521278
512,788,0,0.006726234685629606
513,3702,0,0.0020553970243781805
513,2987,0,0.001169200986623764
513,1097,0,0.0008228427614085376
513,32,0,0.0007018082542344928
513,2529,0,0.0006822668947279453
513,1580,0,0.0006743691046722233
513,2174,0,0.0004571076133288443
513,1073,0,0.0004084983083885163
513,1240,0,0.00036345759872347116
513,3401,0,0.0003601680800784379
514,2985,0,0.011281752027571201
514,1077,0,0.0037918556481599808
514,1396,0,0.002889974508434534
514,1210,0,0.0027694227173924446
514,3702,0,0.002596152015030384
514,1921,0,0.0025149991270154715
514,3175,0,0.002373419003561139
514,2664,0,0.0022995322942733765
514,3527,0,0.002133273985236883
514,1274,0,0.0017725244397297502
515,1188,0,0.010784064419567585
515,1393,0,0.010139990597963333
515,1914,0,0.0075812917202711105
515,2702,0,0.005963895469903946
515,45,0,0.00547353969886899
515,2542,0,0.004973153583705425
515,1641,0,0.004291204269975424
515,3157,0,0.004123488441109657
515,357,0,0.0039033929351717234
515,2841,0,0.003484134329482913
516,2807,0,0.14955198764801025
516,1862,0,0.022606119513511658
516,2835,0,0.0197205301374197
516,2119,0,0.018717162311077118
516,2422,0,0.011375268921256065
516,1772,0,0.011296815238893032
516,1389,0,0.00950865913182497
516,1591,0,0.008435150608420372
516,880,0,0.008411260321736336
516,2412,0,0.00790335051715374
517,1393,0,0.01873958669602871
517,1357,0,0.017522014677524567
517,45,0,0.01670112833380699
517,1120,0,0.014673689380288124
517,534,0,0.012911325320601463
517,337,0,0.012515214271843433
517,509,0,0.012366712093353271
517,1914,0,0.012320471927523613
517,3081,0,0.01019454374909401
517,3252,0,0.009435931220650673
518,2693,0,0.048276498913764954
518,2702,0,0.033717505633831024
518,2692,0,0.033242519944906235
518,3384,0,0.032669827342033386
518,3176,0,0.02331382781267166
518,3273,0,0.02124423161149025
518,2700,0,0.01955624297261238
518,2686,0,0.010978231206536293
518,2987,0,0.010820060037076473
518,1589,0,0.010091167874634266
519,2396,0,0.07354538142681122
519,2700,0,0.02673536166548729
519,1641,0,0.02605917491018772
519,745,0,0.025830121710896492
519,2321,0,0.024387380108237267
519,1265,0,0.018654929473996162
519,1923,0,0.01846359856426716
519,2289,0,0.01653478480875492
519,3157,0,0.015917886048555374
519,2324,0,0.015620050020515919
520,1805,0,0.028533264994621277
520,3262,0,0.027648769319057465
520,1711,0,0.026424238458275795
520,1422,0,0.01408917736262083
520,3386,0,0.013453259132802486
520,1645,0,0.01333216018974781
520,1589,0,0.012544295750558376
520,2181,0,0.01015597302466631
520,1783,0,0.009178697131574154
520,416,0,0.00911770947277546
521,2186,0,0.023259995505213737
521,2203,0,0.01785837672650814
521,3435,0,0.01721145398914814
521,1945,0,0.012256583198904991
521,3683,0,0.01057228073477745
521,1387,0,0.008363865315914154
521,541,0,0.007338764611631632
521,1231,0,0.006986528169363737
521,1304,0,0.005213456228375435
521,2467,0,0.004871260840445757
522,329,0,0.0589044913649559
522,1676,0,0.021394774317741394
522,1917,0,0.018169185146689415
522,1391,0,0.014933168888092041
522,3698,0,0.012491511180996895
522,748,0,0.011036585085093975
522,1544,0,0.010948400013148785
522,442,0,0.009530022740364075
522,1779,0,0.009212903678417206
522,2533,0,0.008945894427597523
523,2527,0,0.0018904550233855844
523,1376,0,0.001770961913280189
523,1748,0,0.0016620504902675748
523,3701,0,0.0016344913747161627
523,1573,0,0.0015563479391857982
523,2985,0,0.001543633989058435
523,198,0,0.0014735072618350387
523,1876,0,0.0012946173083037138
523,1909,0,0.0012326487340033054
523,1370,0,0.0012253145687282085
524,1772,0,0.012335428036749363
524,374,0,0.010344942100346088
524,169,0,0.009247642010450363
524,1556,0,0.009219753555953503
524,1731,0,0.008320155553519726
524,3146,0,0.006659917999058962
524,1707,0,0.004560789093375206
524,181,0,0.004249959252774715
524,2380,0,0.004175640642642975
524,93,0,0.004019830375909805
525,2455,0,0.0021910802461206913
525,2948,0,0.0015214839950203896
525,2291,0,0.0015135844005271792
525,1035,0,0.0014640671433880925
525,3408,0,0.0014514682115986943
525,2791,0,0.0011868516448885202
525,3868,0,0.0011615096591413021
525,551,0,0.0011569586349651217
525,1171,0,0.0011235482525080442
525,110,0,0.0010173807386308908
526,2353,0,0.010944094508886337
526,2990,0,0.004491335712373257
526,1370,0,0.0038602682761847973
526,3104,0,0.0035959873348474503
526,2115,0,0.0032472095917910337
526,555,0,0.002270700642839074
526,733,0,0.002091009868308902
526,2763,0,0.0018705290276557207
526,3639,0,0.0018610893748700619
526,2058,0,0.0017255257116630673
527,1079,0,0.023900818079710007
527,2791,0,0.023385239765048027
527,1259,0,0.018034446984529495
527,2599,0,0.01713387295603752
527,2064,0,0.014596907421946526
527,2289,0,0.01348030660301447
527,1235,0,0.01323397271335125
527,1288,0,0.011140615679323673
527,2997,0,0.011033239774405956
527,3543,0,0.008711611852049828
528,2997,0,0.020377175882458687
528,1188,0,0.01760631613433361
528,2700,0,0.015801146626472473
528,1449,0,0.01257216464728117
528,1060,0,0.011324280872941017
528,2396,0,0.008524289354681969
528,3159,0,0.008227424696087837
528,45,0,0.008224816992878914
528,3081,0,0.008144048042595387
528,588,0,0.008084207773208618
529,1084,0,0.024133646860718727
529,296,0,0.019314154982566833
529,608,0,0.013924650847911835
529,1945,0,0.013443155214190483
529,1228,0,0.010961169376969337
529,3468,0,0.009169578552246094
529,3504,0,0.006119386292994022
529,1276,0,0.006021716631948948
529,1193,0,0.005882630590349436
529,1278,0,0.00544259138405323
530,32,0,0.015603305771946907
530,3504,0,0.013441657647490501
530,898,0,0.013395512476563454
530,17,0,0.013027300126850605
530,1678,0,0.012001071125268936
530,1096,0,0.011138075962662697
530,3481,0,0.010900615714490414
530,2918,0,0.008801826275885105
530,1300,0,0.008329004049301147
530,1293,0,0.00794899370521307
531,3301,0,0.011392960324883461
531,3513,0,0.01019376888871193
531,2600,0,0.00531267374753952
531,3755,0,0.005072839558124542
531,3824,0,0.0047531733289361
531,491,0,0.004746054764837027
531,3794,0,0.004719551652669907
531,3178,0,0.004337138496339321
531,3454,0,0.004131416790187359
531,1466,0,0.004021669737994671
532,2,0,0.03690853342413902
532,3489,0,0.023792516440153122
532,2005,0,0.020429648458957672
532,2143,0,0.014403928071260452
532,653,0,0.011428747326135635
532,367,0,0.010247834026813507
532,673,0,0.009895644150674343
532,2797,0,0.006651979871094227
532,60,0,0.006395390257239342
532,3438,0,0.006191224791109562
533,2144,0,0.028045523911714554
533,3358,0,0.007250519003719091
533,3308,0,0.0052497065626084805
533,587,0,0.004130655433982611
533,1171,0,0.003892331849783659
533,2926,0,0.0038283795583993196
533,3614,0,0.003661439521238208
533,2081,0,0.0035980164539068937
533,2245,0,0.003435544203966856
533,3398,0,0.0033998184371739626
534,1393,0,0.047328881919384
534,1408,0,0.010660789906978607
534,3418,0,0.008129870519042015
534,150,0,0.005390744656324387
534,1954,0,0.005066060461103916
534,266,0,0.00491873174905777
534,1059,0,0.004733907990157604
534,151,0,0.0045755282044410706
534,647,0,0.00453916797414422
534,2291,0,0.0044928486458957195
535,3384,0,0.06553103774785995
535,2762,0,0.025760818272829056
535,2070,0,0.0253877155482769
535,2485,0,0.023550663143396378
535,2961,0,0.02203918807208538
535,2396,0,0.020053919404745102
535,3081,0,0.015405683778226376
535,2670,0,0.010742077603936195
535,2491,0,0.010700453072786331
535,2395,0,0.010598162189126015
536,2139,0,0.03781784698367119
536,616,0,0.020448464900255203
536,1474,0,0.019033044576644897
536,2092,0,0.0178659837692976
536,367,0,0.014194466173648834
536,107,0,0.014134961180388927
536,1702,0,0.010267596691846848
536,1274,0,0.00943180825561285
536,2087,0,0.009095150977373123
536,3483,0,0.007816585712134838
537,1094,0,0.0431479811668396
537,58,0,0.0152810737490654
537,293,0,0.01330424752086401
537,1228,0,0.012639757245779037
537,3360,0,0.01060131099075079
537,898,0,0.009868700988590717
537,1244,0,0.009299379773437977
537,2130,0,0.009218479506671429
537,2000,0,0.008812258020043373
537,3260,0,0.007906069979071617
538,2000,0,0.011743100360035896
538,2115,0,0.006727744359523058
538,3633,0,0.006086560431867838
538,1220,0,0.004328449722379446
538,733,0,0.0038758290465921164
538,1127,0,0.0036151050589978695
538,2001,0,0.0027442441787570715
538,3418,0,0.0026660740841180086
538,2081,0,0.002158970106393099
538,1376,0,0.0019019069150090218
539,616,0,0.10096867382526398
539,2687,0,0.07111883163452148
539,3034,0,0.028353100642561913
539,783,0,0.025438057258725166
539,1025,0,0.016124311834573746
539,2081,0,0.015872078016400337
539,2087,0,0.014621150679886341
539,2078,0,0.013739677146077156
539,661,0,0.01057631615549326
539,2099,0,0.010391117073595524
540,2571,0,0.0017243166221305728
540,2762,0,0.001603284734301269
540,1653,0,0.0015920698642730713
540,1617,0,0.001411968027241528
540,1396,0,0.0013672721106559038
540,337,0,0.0006555365398526192
540,1179,0,0.0005984207382425666
540,589,0,0.0005708556855097413
540,1584,0,0.0005648690857924521
540,1921,0,0.0005168738425709307
541,1883,0,0.027349624782800674
541,1909,0,0.011682328768074512
541,16,0,0.011464038863778114
541,1732,0,0.011238295584917068
541,440,0,0.011106443591415882
541,3358,0,0.01107701100409031
541,1729,0,0.010447208769619465
541,1805,0,0.010033615864813328
541,1271,0,0.009457129053771496
541,39,0,0.008575517684221268
542,3300,0,0.02078472077846527
542,3354,0,0.02065342105925083
542,3917,0,0.017078857868909836
542,3409,0,0.014610515907406807
542,3753,0,0.014074298553168774
542,3927,0,0.009959012269973755
542,2792,0,0.008780838921666145
542,3512,0,0.008129646070301533
542,3513,0,0.0076462202705442905
542,144,0,0.0070951092056930065
543,169,0,0.029102729633450508
543,1381,0,0.028682153671979904
543,1592,0,0.022108612582087517
543,1474,0,0.02170814946293831
543,1167,0,0.01853371411561966
543,195,0,0.015913693234324455
543,48,0,0.01585373841226101
543,1453,0,0.01485773641616106
543,158,0,0.012457598000764847
543,455,0,0.011140858754515648
544,2657,0,0.025678744539618492
544,3675,0,0.013623266480863094
544,2081,0,0.012609054334461689
544,2687,0,0.01251140795648098
544,589,0,0.011971868574619293
544,2949,0,0.01187435258179903
544,3384,0,0.011116622015833855
544,1220,0,0.010337283834815025
544,3702,0,0.009583423845469952
544,2139,0,0.009332805871963501
545,2734,0,0.08453964442014694
545,968,0,0.076145239174366
545,913,0,0.05131874233484268
545,2526,0,0.04916873574256897
545,3219,0,0.029023390263319016
545,2394,0,0.026873726397752762
545,2598,0,0.02349897287786007
545,2723,0,0.021768279373645782
545,2805,0,0.018889158964157104
545,3081,0,0.01744159124791622
546,1221,0,0.02214989811182022
546,3543,0,0.008320213295519352
546,3421,0,0.006709754001349211
546,32,0,0.004794067703187466
546,1252,0,0.0038987204898148775
546,2997,0,0.0032763471826910973
546,3948,0,0.0032398400362581015
546,1228,0,0.003226146101951599
546,1097,0,0.0031952676363289356
546,898,0,0.0029682579915970564
547,2009,0,0.018295064568519592
547,329,0,0.016219770535826683
547,3704,0,0.01192252803593874
547,2528,0,0.01166533399373293
547,2140,0,0.009121328592300415
547,1876,0,0.0076658944599330425
547,1396,0,0.0073683918453752995
547,3698,0,0.00615305220708251
547,2407,0,0.006065841298550367
547,1748,0,0.004628677852451801
548,1326,0,0.017029207199811935
548,1993,0,0.012397072277963161
548,1980,0,0.009942791424691677
548,1975,0,0.009839877486228943
548,3017,0,0.009765909984707832
548,1977,0,0.008942433632910252
548,1389,1,0.00805309321731329
548,606,0,0.007997154258191586
548,1998,0,0.00734944362193346
548,1981,0,0.007015556562691927
549,3624,0,0.03204616531729698
549,3483,0,0.012320234440267086
549,3513,0,0.011757423169910908
549,3858,0,0.011688098311424255
549,3946,0,0.010937640443444252
549,3301,0,0.010892916470766068
549,3555,0,0.009426737204194069
549,3510,0,0.009055723436176777
549,3915,0,0.008302888832986355
549,3852,0,0.00776303093880415
550,1177,0,0.031231652945280075
550,1643,0,0.015403950586915016
550,1633,0,0.013894242234528065
550,2231,0,0.011742150411009789
550,412,0,0.011396619491279125
550,222,0,0.0104923564940691
550,515,0,0.009518800303339958
550,302,0,0.00884134229272604
550,2112,0,0.008302789181470871
550,1393,0,0.008066175505518913
551,539,0,0.034707773476839066
551,1888,0,0.025141267105937004
551,236,0,0.022482112050056458
551,852,0,0.017239153385162354
551,3614,0,0.016547568142414093
551,141,0,0.01512213796377182
551,1441,0,0.014338389039039612
551,838,0,0.012763588689267635
551,11,0,0.011356047354638577
551,500,0,0.011145873926579952
552,3946,0,0.00927740428596735
552,2384,0,0.005945916753262281
552,2455,0,0.004710463806986809
552,3564,0,0.004208952188491821
552,169,0,0.003934330772608519
552,3262,0,0.003913030028343201
552,2600,0,0.003707744413986802
552,3948,0,0.0033892979845404625
552,2657,0,0.0032983431592583656
552,1097,0,0.0032370113767683506
553,1441,0,0.015281961299479008
553,830,0,0.012495733797550201
553,141,0,0.011083151213824749
553,1888,0,0.010796169750392437
553,2325,0,0.010533844120800495
553,2431,0,0.00938786193728447
553,252,0,0.009319648146629333
553,2385,0,0.008868012577295303
553,236,0,0.008279530331492424
553,2706,0,0.008180886507034302
554,2841,0,0.05571391060948372
554,2485,0,0.019040260463953018
554,2840,0,0.015799418091773987
554,3157,0,0.014590336009860039
554,2395,0,0.010765834711492062
554,2806,0,0.009727716445922852
554,2961,0,0.006641429848968983
554,2692,0,0.006554483901709318
554,2987,0,0.005372908897697926
554,3081,0,0.005004439502954483
555,2096,0,0.08993099629878998
555,2687,0,0.030538303777575493
555,1029,0,0.020369822159409523
555,2085,0,0.019338857382535934
555,2139,0,0.018278222531080246
555,2078,0,0.016592180356383324
555,594,0,0.016470352187752724
555,2294,1,0.015885015949606895
555,2090,0,0.01507571805268526
555,1022,0,0.014336901716887951
556,2021,0,0.019759666174650192
556,2641,0,0.017935071140527725
556,1527,0,0.012544027529656887
556,3704,0,0.009450528770685196
556,2985,0,0.008535968139767647
556,674,0,0.006202972959727049
556,2140,0,0.005618650931864977
556,748,0,0.005341797601431608
556,3770,0,0.004999741446226835
556,2533,0,0.004853764548897743
557,930,0,0.0999051108956337
557,3435,0,0.03336905315518379
557,2940,0,0.03332505375146866
557,2203,0,0.029902229085564613
557,942,0,0.02884591743350029
557,903,0,0.022257229313254356
557,2987,0,0.015769505873322487
557,1248,0,0.014247478917241096
557,2066,0,0.01419946737587452
557,922,0,0.013229667209088802
558,3952,0,0.039110805839300156
558,3948,0,0.03303811699151993
558,3481,0,0.024478081613779068
558,3408,0,0.021122615784406662
558,3911,0,0.01955595426261425
558,3720,0,0.01816788874566555
558,3793,0,0.01643429324030876
558,3910,0,0.014184779487550259
558,3317,0,0.013641955330967903
558,3949,0,0.01337343268096447
559,3100,0,0.011601011268794537
559,1704,0,0.011028625071048737
559,1393,0,0.010057121515274048
559,2324,0,0.00677351513877511
559,529,0,0.004951818380504847
559,3260,0,0.004706403240561485
559,337,0,0.004239379893988371
559,515,0,0.0041142175905406475
559,3418,0,0.004095554351806641
559,25,0,0.004070992581546307
560,160,1,0.18361110985279083
560,405,0,0.04416852444410324
560,2807,0,0.032717470079660416
560,3401,0,0.030817313119769096
560,2412,0,0.027825647965073586
560,1744,0,0.01811343804001808
560,546,0,0.016348762437701225
560,2835,0,0.01633518747985363
560,1556,0,0.01628074049949646
560,519,0,0.015454470179975033
561,2700,0,0.03499141335487366
561,2692,0,0.031427137553691864
561,2702,0,0.030430741608142853
561,2701,0,0.025975849479436874
561,3157,0,0.023185739293694496
561,2628,0,0.021526049822568893
561,60,0,0.0196332149207592
561,1,0,0.01948859542608261
561,47,0,0.013412217609584332
561,2841,0,0.011069961823523045
562,1954,1,0.004836658947169781
562,2058,0,0.0031447161454707384
562,1610,0,0.002141158562153578
562,1408,0,0.0013601754326373339
562,1242,0,0.0010576279601082206
562,1912,0,0.0008360528154298663
562,21,0,0.000719193834811449
562,2662,0,0.0007153304177336395
562,1573,0,0.0006788545288145542
562,480,0,0.0006586307426914573
563,2383,0,0.004654280841350555
563,181,0,0.004331056959927082
563,2422,0,0.0035824645310640335
563,2412,0,0.003312252229079604
563,2835,0,0.0032942332327365875
563,3767,0,0.0031837995629757643
563,2516,0,0.002826123731210828
563,2196,0,0.002709426451474428
563,2119,0,0.0024018464609980583
563,839,0,0.0023726848885416985
564,3365,0,0.02536069229245186
564,3675,0,0.02517343871295452
564,1944,0,0.023688174784183502
564,599,0,0.018365129828453064
564,953,0,0.016018563881516457
564,1282,0,0.014065329916775227
564,918,0,0.013267488218843937
564,1269,0,0.012532238848507404
564,1277,0,0.010256804525852203
564,899,0,0.010248620063066483
565,3753,0,0.041094820946455
565,3300,0,0.03982602432370186
565,3624,0,0.038000840693712234
565,3555,1,0.02943475730717182
565,2657,0,0.028030382469296455
565,3160,0,0.021218417212367058
565,1965,0,0.01600024104118347
565,144,0,0.014800789766013622
565,3927,0,0.014746643602848053
565,661,0,0.014473083429038525
566,2090,0,0.02558726817369461
566,60,0,0.018169526010751724
566,616,0,0.012302156537771225
566,2092,0,0.011164314113557339
566,2096,0,0.010594861581921577
566,1566,0,0.007355154026299715
566,1024,0,0.006506540346890688
566,48,0,0.006336860358715057
566,673,0,0.0049367197789251804
566,2139,0,0.004698903765529394
567,1772,0,0.09378483146429062
567,169,0,0.03317265957593918
567,2422,0,0.02586422860622406
567,405,0,0.02383841760456562
567,2720,0,0.022327084094285965
567,2835,0,0.020353756844997406
567,2253,0,0.015716904774308205
567,2162,0,0.014592539519071579
567,1499,0,0.012836341746151447
567,2807,0,0.011817545630037785
568,1370,0,0.034038446843624115
568,1573,0,0.028294775635004044
568,457,0,0.021746670827269554
568,377,0,0.02120024710893631
568,21,0,0.01991092786192894
568,3256,0,0.01837441697716713
568,2058,0,0.018031004816293716
568,380,0,0.017774371430277824
568,1580,0,0.017687657848000526
568,1722,0,0.015810541808605194
569,3755,0,0.013645494356751442
569,3785,0,0.013109416700899601
569,3484,0,0.012504440732300282
569,3301,0,0.012393577955663204
569,3513,0,0.010566809214651585
569,3511,0,0.00927211157977581
569,3617,0,0.009180895984172821
569,3798,0,0.00910328421741724
569,3316,0,0.008255532942712307
569,3948,0,0.007819022051990032
570,3624,0,0.008007245138287544
570,3513,0,0.007055819965898991
570,3948,1,0.006740869954228401
570,3316,0,0.005786064546555281
570,3946,0,0.0054935272783041
570,3752,0,0.004921453073620796
570,3794,0,0.003649141639471054
570,3827,0,0.002527922857552767
570,3793,0,0.002516621956601739
570,3225,0,0.002143728779628873
571,1343,0,0.05466155707836151
571,832,0,0.029189076274633408
571,1729,0,0.02055496908724308
571,1589,0,0.018086934462189674
571,1892,0,0.01806694269180298
571,1370,0,0.016985276713967323
571,2231,0,0.015017462894320488
571,350,0,0.014624918811023235
571,1645,0,0.013381976634263992
571,517,0,0.008134553208947182
572,3753,0,0.08158256858587265
572,3717,0,0.04099448770284653
572,3452,0,0.02982691116631031
572,3752,0,0.027736511081457138
572,3300,0,0.024514365941286087
572,3513,0,0.02445538155734539
572,3301,0,0.02191578783094883
572,3354,0,0.020421644672751427
572,3798,0,0.020179184153676033
572,3316,0,0.01964586041867733
573,1387,0,0.0021360318642109632
573,1610,0,0.0018736721249297261
573,1573,0,0.0016139221843332052
573,2058,0,0.0015320347156375647
573,457,0,0.0007736504776403308
573,1954,0,0.0006382056162692606
573,1408,0,0.0006070153322070837
573,3267,0,0.0005115065723657608
573,319,0,0.0004757026326842606
573,1953,0,0.0004427005478646606
574,2762,0,0.015319040976464748
574,1617,0,0.008016643114387989
574,3147,0,0.006317450664937496
574,2028,0,0.004780366085469723
574,2396,0,0.004598110448569059
574,1041,0,0.0037962712813168764
574,36,0,0.003743099747225642
574,2324,0,0.0028527399990707636
574,1694,0,0.0027965400367975235
574,720,0,0.002454980043694377
575,1196,0,0.019918398931622505
575,1221,0,0.015584752894937992
575,1387,0,0.008556325919926167
575,110,0,0.007612668443471193
575,1210,0,0.005854700226336718
575,1240,0,0.00439759436994791
575,589,0,0.004187395330518484
575,1610,0,0.0036108484491705894
575,1214,0,0.0035497485660016537
575,969,0,0.0033284779638051987
576,1079,0,0.027195315808057785
576,2918,0,0.02436884306371212
576,3210,0,0.019221443682909012
576,1394,0,0.016230588778853416
576,2248,0,0.015397559851408005
576,2144,0,0.012850563041865826
576,3421,0,0.01260516606271267
576,2000,0,0.01167337503284216
576,1288,0,0.010272692888975143
576,3039,0,0.009737540036439896
577,1732,0,0.024311792105436325
577,3386,0,0.017698777839541435
577,47,0,0.016154443845152855
577,1625,0,0.015458968468010426
577,2542,0,0.011387618258595467
577,2231,0,0.011093092150986195
577,1466,0,0.010544407181441784
577,2985,0,0.009252097457647324
577,1589,0,0.009100651368498802
577,1805,0,0.008437730371952057
578,34,0,0.018515411764383316
578,2396,0,0.016766201704740524
578,1265,0,0.00802996288985014
578,150,0,0.004485610406845808
578,3006,0,0.0036367466673254967
578,1,0,0.0033054272644221783
578,745,0,0.0031978050246834755
578,2289,0,0.0028311333153396845
578,1089,0,0.002811369951814413
578,1923,0,0.0022764746099710464
579,1214,0,0.0019323527812957764
579,3793,0,0.0017314809374511242
579,3624,0,0.0011754990555346012
579,1200,0,0.001030033454298973
579,1240,0,0.0009500267915427685
579,2918,0,0.0008014808408915997
579,3148,0,0.0007407835801132023
579,2600,0,0.0006872739759273827
579,32,0,0.000557572057005018
579,3513,0,0.0005530336056835949
580,2019,0,0.0009229967836290598
580,3467,0,0.0008426601416431367
580,1263,0,0.000827459734864533
580,1927,0,0.0007255834643729031
580,2944,1,0.00035804396611638367
580,1201,0,0.00034829232026822865
580,599,0,0.0003184404340572655
580,260,0,0.00031207193387672305
580,1283,0,0.00027752757887355983
580,1953,0,0.00025763511075638235
581,357,0,0.00402947748079896
581,3253,0,0.0040249996818602085
581,7,0,0.0031105263624340296
581,1476,0,0.0030522721353918314
581,587,0,0.0030173580162227154
581,339,0,0.0025781586300581694
581,1580,0,0.0025252322666347027
581,708,0,0.002236023312434554
581,224,0,0.002133704721927643
581,252,0,0.0017459664959460497
582,3624,0,0.06680070608854294
582,3615,0,0.03195524960756302
582,3316,0,0.022189835086464882
582,2763,0,0.022081371396780014
582,3484,0,0.01677226461470127
582,3513,0,0.013522802852094173
582,3555,0,0.012775001116096973
582,3785,0,0.01024357508867979
582,3744,0,0.009913649410009384
582,3301,0,0.009809482842683792
583,153,0,0.019444189965724945
583,2412,1,0.017682967707514763
583,3388,0,0.015612466260790825
583,1772,0,0.014658087864518166
583,1556,0,0.013951580971479416
583,169,0,0.01240941509604454
583,1744,0,0.011717353947460651
583,2422,0,0.011279688216745853
583,3710,0,0.009818770922720432
583,2382,0,0.0091762226074934
584,17,0,0.003079933812841773
584,1704,0,0.002302964450791478
584,2291,0,0.002290197880938649
584,1094,0,0.002158752176910639
584,25,0,0.001526105566881597
584,1183,0,0.0012129717506468296
584,2125,0,0.0011256247526034713
584,1678,0,0.001043559517711401
584,3418,0,0.0008470109314657748
584,1277,0,0.0008262887131422758
585,3555,0,0.05874067172408104
585,3300,0,0.03295334056019783
585,3948,0,0.031406089663505554
585,3483,0,0.03059580735862255
585,3946,0,0.029769429937005043
585,3745,0,0.024136971682310104
585,3536,0,0.022607434540987015
585,3301,0,0.021820861846208572
585,3755,0,0.020892105996608734
585,3513,0,0.01979852467775345
586,1,0,0.031101388856768608
586,2804,0,0.024453165009617805
586,1276,1,0.013907728716731071
586,898,0,0.00958386342972517
586,1136,0,0.00815626885741949
586,1269,0,0.008064143359661102
586,1256,0,0.007166279014199972
586,2788,0,0.006857169792056084
586,1278,0,0.0067714182659983635
586,3114,0,0.005932742264121771
587,2997,0,0.007251514121890068
587,1234,0,0.005108450539410114
587,3421,0,0.004539664834737778
587,3007,0,0.004366075620055199
587,1136,0,0.004193345550447702
587,1188,0,0.0036730733700096607
587,3671,0,0.00228151585906744
587,2863,0,0.0020313579589128494
587,2762,0,0.002008975250646472
587,32,0,0.0016430957475677133
588,2686,0,0.01601245626807213
588,1393,0,0.015823444351553917
588,1095,0,0.013469149358570576
588,1449,1,0.012086663395166397
588,1188,0,0.011656639166176319
588,1643,0,0.010199249722063541
588,2542,0,0.00930526852607727
588,1914,0,0.008834547363221645
588,3007,0,0.008616404607892036
588,846,0,0.008004018105566502
589,2302,0,0.002053220756351948
589,1580,0,0.0014430611627176404
589,3255,0,0.0013197308871895075
589,3450,0,0.0010100776562467217
589,1923,0,0.0009843980660662055
589,3039,0,0.0009681156952865422
589,587,0,0.0009054691181518137
589,3809,0,0.0008981588762253523
589,3448,0,0.0007516248733736575
589,3868,0,0.0006694397307001054
590,1589,0,0.017199065536260605
590,57,0,0.01518877875059843
590,45,0,0.01107299979776144
590,1678,0,0.010813436470925808
590,32,0,0.01021839864552021
590,2725,0,0.008778455667197704
590,1393,0,0.008619656786322594
590,302,0,0.00806290004402399
590,2390,1,0.008029685355722904
590,538,0,0.007571252062916756
591,2203,0,0.045321445912122726
591,1212,0,0.03862128034234047
591,942,0,0.02868964895606041
591,898,1,0.024367276579141617
591,2612,0,0.02243386022746563
591,1252,0,0.02208849787712097
591,2940,0,0.02066117711365223
591,2186,0,0.01474218163639307
591,3435,0,0.013745078817009926
591,3468,0,0.01072247140109539
592,1240,0,0.008250204846262932
592,1200,0,0.00789634883403778
592,1291,0,0.007795754820108414
592,2571,0,0.0062142652459442616
592,541,0,0.0054171038791537285
592,1214,0,0.004958987236022949
592,3265,0,0.0035609491169452667
592,1036,0,0.003292868612334132
592,2028,0,0.003099496942013502
592,969,0,0.0027899944689124823
593,3536,0,0.004413161426782608
593,3858,0,0.0027846109587699175
593,3852,0,0.0025629724841564894
593,3915,0,0.002137296600267291
593,3946,0,0.0021015137899667025
593,3952,0,0.0020609081257134676
593,3896,0,0.001945136464200914
593,3566,0,0.0018446722533553839
593,3538,0,0.0014408279675990343
593,3512,0,0.0014243257464841008
594,52,0,0.021800916641950607
594,3039,0,0.018909435719251633
594,1641,0,0.01233172882348299
594,3552,0,0.010556349530816078
594,441,0,0.009818289428949356
594,3608,0,0.00929343793541193
594,2926,0,0.00890337023884058
594,2174,0,0.008798333816230297
594,3253,0,0.008502034470438957
594,1500,0,0.0076506598852574825
595,832,0,0.025470107793807983
595,1370,0,0.01967422105371952
595,1805,0,0.013439799658954144
595,2058,0,0.013367952778935432
595,1589,0,0.01168892253190279
595,1754,0,0.010430575348436832
595,1573,0,0.010206603445112705
595,1711,0,0.010153681971132755
595,2763,0,0.010123399086296558
595,1597,0,0.00872286781668663
596,3300,0,0.017871655523777008
596,3753,0,0.010072075761854649
596,2792,0,0.0073310439474880695
596,3452,0,0.006001963280141354
596,3481,0,0.0059195151552557945
596,3513,0,0.004993169568479061
596,3826,0,0.004807451739907265
596,3484,0,0.004743092227727175
596,3538,0,0.00382368010468781
596,3937,0,0.0037666524294763803
597,3384,0,0.044221170246601105
597,2841,0,0.015255575068295002
597,3176,0,0.014714427292346954
597,2840,0,0.007340848911553621
597,2961,0,0.00677830632776022
597,3273,0,0.005799221806228161
597,3745,0,0.005187503527849913
597,2806,0,0.005146086681634188
597,3081,0,0.004697031807154417
597,2907,0,0.003656409215182066
598,2763,0,0.0032092954497784376
598,3418,0,0.002123602433130145
598,2916,0,0.001537545584142208
598,1573,0,0.0015349509194493294
598,1408,0,0.0014931024052202702
598,2058,0,0.0014700809260830283
598,589,0,0.0012653765734285116
598,3267,0,0.0007511862204410136
598,1580,0,0.0007129415171220899
598,21,1,0.0006953554111532867
599,1208,0,0.00981350988149643
599,1250,0,0.00739287631586194
599,111,0,0.007030067034065723
599,296,0,0.006035288330167532
599,2804,0,0.0053499252535402775
599,1927,0,0.0050985380075871944
599,923,0,0.004959029611200094
599,1280,0,0.004665057174861431
599,3504,0,0.004608740098774433
599,1945,0,0.004388628527522087
600,3897,0,0.0170742217451334
600,541,0,0.010763977654278278
600,3793,0,0.00947826448827982
600,3114,0,0.008272317238152027
600,3615,0,0.008102813735604286
600,2762,0,0.008051976561546326
600,3798,0,0.007945310324430466
600,3578,0,0.007825219072401524
600,608,0,0.006411072798073292
600,3481,0,0.006395790725946426
601,2807,0,0.005051590036600828
601,2548,0,0.0046396637335419655
601,2389,0,0.0031195366755127907
601,2976,0,0.002848217962309718
601,849,0,0.002381487051025033
601,804,0,0.0022790273651480675
601,2902,0,0.0021385594736784697
601,1993,0,0.002121897879987955
601,370,0,0.0020638355053961277
601,2113,0,0.0018178041791543365
602,405,0,0.055490266531705856
602,880,0,0.04738700017333031
602,160,0,0.038147106766700745
602,2808,0,0.026145363226532936
602,519,0,0.01917840540409088
602,2322,0,0.01805027201771736
602,2408,0,0.016933858394622803
602,173,0,0.013819576241075993
602,379,0,0.013618357479572296
602,849,0,0.012407663278281689
603,3249,0,0.02587163634598255
603,95,0,0.025349393486976624
603,292,0,0.020648876205086708
603,208,0,0.016628677025437355
603,736,0,0.016586482524871826
603,1370,0,0.015971966087818146
603,2334,0,0.012334277853369713
603,89,0,0.011239947751164436
603,1769,0,0.010942111723124981
603,2002,0,0.010500569827854633
604,160,0,0.003800520673394203
604,1556,0,0.003060085466131568
604,169,0,0.002300098305568099
604,1499,0,0.002190956613048911
604,3946,0,0.0018993245903402567
604,3146,0,0.0015947044594213367
604,2906,0,0.0015561929903924465
604,3327,0,0.0015322461258620024
604,2835,0,0.0013524339301511645
604,3225,0,0.0013403776101768017
605,2702,0,0.08653546124696732
605,2841,0,0.07670529931783676
605,2762,0,0.036586180329322815
605,3176,0,0.0353824757039547
605,3384,0,0.027406563982367516
605,3273,0,0.019366079941391945
605,2763,0,0.01839270442724228
605,2485,0,0.016142185777425766
605,2907,0,0.015441546216607094
605,2701,0,0.013064651750028133
606,3479,0,0.04191875457763672
606,2161,0,0.039667557924985886
606,2797,0,0.028930947184562683
606,1967,0,0.020022640004754066
606,2054,0,0.014125422574579716
606,2081,0,0.013175536878407001
606,2005,0,0.012006237171590328
606,3153,0,0.011890868656337261
606,2872,0,0.011644864454865456
606,934,0,0.01142226904630661
607,1704,0,0.008057348430156708
607,150,0,0.006249827332794666
607,34,0,0.0044577415101230145
607,337,0,0.004019770305603743
607,1089,0,0.003756496589630842
607,36,0,0.0030249396804720163
607,866,0,0.0028218321967869997
607,529,0,0.0027597195003181696
607,628,0,0.0026299534365534782
607,2762,0,0.0024367531295865774
608,208,0,0.032466478645801544
608,95,0,0.030681796371936798
608,517,0,0.022987309843301773
608,849,0,0.02210439182817936
608,836,0,0.016827138140797615
608,160,0,0.01280604675412178
608,442,0,0.011229652911424637
608,1687,0,0.011180396191775799
608,2334,0,0.010393068194389343
608,153,0,0.010076919570565224
609,3624,0,0.06421216577291489
609,3555,0,0.02351703867316246
609,3535,0,0.008692558854818344
609,3753,0,0.007665535900741816
609,3484,0,0.0056451898999512196
609,1214,0,0.00457576010376215
609,3173,0,0.004024350084364414
609,1466,0,0.003906538709998131
609,2858,0,0.0037793265655636787
609,3744,0,0.0037036784924566746
610,1252,0,0.09942957013845444
610,296,0,0.008460810407996178
610,923,0,0.006501290015876293
610,1276,0,0.0054732514545321465
610,3504,0,0.004840752109885216
610,800,0,0.004303945694118738
610,1952,0,0.0037757044192403555
610,1193,0,0.003495212411507964
610,1213,0,0.0034905923530459404
610,527,0,0.0032478775829076767
611,3179,0,0.02532954514026642
611,2336,0,0.015590122900903225
611,3007,0,0.012402296997606754
611,1673,0,0.010614292696118355
611,1060,0,0.007395124528557062
611,3174,0,0.007387084886431694
611,223,0,0.007180582266300917
611,3148,0,0.007095214445143938
611,101,0,0.00690998462960124
611,1635,0,0.006279728841036558
612,661,0,0.012704609893262386
612,144,1,0.011772590689361095
612,1970,0,0.00878976285457611
612,3535,0,0.008722050115466118
612,3513,0,0.008439382538199425
612,3300,0,0.008048531599342823
612,3,0,0.007688463665544987
612,1965,0,0.006496830377727747
612,3354,0,0.0060304030776023865
612,1035,0,0.004311492200940847
613,1358,0,0.02276054210960865
613,1914,0,0.017963306978344917
613,337,0,0.017586683854460716
613,3147,0,0.016368839889764786
613,1885,0,0.013100722804665565
613,2542,0,0.010284101590514183
613,232,0,0.010043364949524403
613,2359,0,0.009754394181072712
613,34,0,0.008748240768909454
613,101,0,0.008600234985351562
614,616,0,0.059047091752290726
614,1405,0,0.03839855268597603
614,48,0,0.02394956350326538
614,2092,0,0.020620018243789673
614,2096,0,0.020078318193554878
614,2394,0,0.01677735708653927
614,1566,0,0.01019009668380022
614,1367,0,0.009186944924294949
614,2099,0,0.008909406140446663
614,673,0,0.008213535882532597
615,648,0,0.024884406477212906
615,2021,0,0.024806037545204163
615,329,0,0.01861293986439705
615,2763,0,0.014709508046507835
615,442,0,0.014171664603054523
615,2,0,0.01298045739531517
615,2115,0,0.01285439170897007
615,2699,0,0.011061322875320911
615,3698,0,0.010959872975945473
615,1876,0,0.010515319183468819
616,1214,1,0.004054098855704069
616,1210,0,0.0029072400648146868
616,924,0,0.0020939495880156755
616,2571,0,0.002038853708654642
616,3300,0,0.001677310443483293
616,1240,0,0.0014426400884985924
616,2529,0,0.001197555917315185
616,32,0,0.001111657707951963
616,1097,0,0.0009569376125000417
616,1199,0,0.0009272011811845005
617,942,0,0.09622976928949356
617,3435,0,0.049582574516534805
617,1252,0,0.04061666503548622
617,2203,0,0.03916675224900246
617,1267,0,0.027318742126226425
617,930,0,0.025576844811439514
617,2066,0,0.01772245205938816
617,1248,0,0.0161422248929739
617,1284,0,0.013001194223761559
617,913,0,0.010977989062666893
618,891,0,0.03161269798874855
618,1973,0,0.01821752078831196
618,2399,0,0.01499202661216259
618,1544,0,0.014653692953288555
618,240,0,0.008888565935194492
618,3,0,0.007317928597331047
618,3937,0,0.007233500014990568
618,3928,0,0.006273145787417889
618,1327,0,0.006036281120032072
618,1981,0,0.004655801225453615
619,1394,0,0.03374321758747101
619,2396,0,0.03301100805401802
619,1288,0,0.03292049840092659
619,898,0,0.028722694143652916
619,1307,0,0.02669440396130085
619,955,0,0.02652653120458126
619,3421,0,0.01875995844602585
619,2918,0,0.01796165108680725
619,1265,0,0.017187070101499557
619,2791,0,0.01650743931531906
620,830,0,0.03565331920981407
620,3248,0,0.027630873024463654
620,1453,0,0.026542160660028458
620,1863,0,0.018868187442421913
620,355,0,0.015140265226364136
620,419,0,0.01496840175241232
620,195,0,0.014353407546877861
620,374,0,0.01156285684555769
620,1021,0,0.01006588339805603
620,1839,0,0.009341258555650711
621,3513,0,0.01276080310344696
621,3827,0,0.012541244737803936
621,3948,0,0.009337535127997398
621,3623,0,0.007854511961340904
621,3794,0,0.006834473926573992
621,3949,0,0.006775944959372282
621,292,0,0.006058774422854185
621,3578,0,0.005802782718092203
621,1754,0,0.005306667182594538
621,3753,0,0.0047063883394002914
622,3006,0,0.019999077543616295
622,1885,0,0.01715937629342079
622,36,0,0.0167828481644392
622,2289,1,0.01625666953623295
622,1719,0,0.011800323612987995
622,3007,0,0.010376324877142906
622,2599,0,0.008576341904699802
622,2762,0,0.007170033175498247
622,2966,0,0.006466838996857405
622,101,0,0.0061148349195718765
623,3858,0,0.008114251308143139
623,3794,0,0.0063127921894192696
623,3901,0,0.006262199953198433
623,2952,0,0.00621500751003623
623,3911,0,0.005200606770813465
623,1179,0,0.0044175717048347
623,3914,0,0.0038294587284326553
623,1252,0,0.003686938202008605
623,3007,0,0.0034728157334029675
623,3746,0,0.003256949596107006
624,942,0,0.02242487296462059
624,1284,0,0.01750900223851204
624,1230,0,0.016102436929941177
624,1269,0,0.016041014343500137
624,904,0,0.013943161815404892
624,2940,0,0.011758968234062195
624,3948,0,0.010668965056538582
624,3893,0,0.009912843815982342
624,800,0,0.009181404486298561
624,3481,0,0.008859137073159218
625,3948,0,0.061290085315704346
625,3952,0,0.03319970518350601
625,3318,0,0.027675285935401917
625,3536,0,0.024861611425876617
625,3408,0,0.02212444879114628
625,2769,0,0.021180830895900726
625,3783,0,0.01881510205566883
625,3896,0,0.01790318451821804
625,3910,0,0.01723582297563553
625,3328,0,0.015557234175503254
626,2699,0,0.0011730247642844915
626,3005,0,0.0005672844708897173
626,2188,0,0.0004691197245847434
626,2572,0,0.00033068654011003673
626,2707,0,0.00023415643954649568
626,2997,0,0.00021219372865743935
626,2694,0,0.00021107376960571855
626,1517,0,0.00018647084652911872
626,144,0,0.00011204132897546515
626,2826,0,0.00010397498408565298
627,2005,0,0.1446586549282074
627,2021,0,0.07023283839225769
627,2054,0,0.01880408450961113
627,2,0,0.017516279593110085
627,653,0,0.017328379675745964
627,1019,0,0.010607228614389896
627,2143,0,0.009523463435471058
627,3489,0,0.0076598310843110085
627,367,0,0.007209473289549351
627,60,0,0.006821279413998127
628,1569,0,0.020710162818431854
628,3450,0,0.01922592893242836
628,1777,0,0.01460547000169754
628,852,0,0.013376874849200249
628,3263,0,0.013307908549904823
628,597,0,0.013021046295762062
628,2384,0,0.011766733601689339
628,586,0,0.009799095802009106
628,2012,0,0.008258471265435219
628,1171,0,0.00801120512187481
629,2799,0,0.02051222138106823
629,1453,0,0.01731899008154869
629,1839,0,0.017035776749253273
629,169,0,0.015081048011779785
629,1474,0,0.013611034490168095
629,419,0,0.012208952568471432
629,1731,0,0.01089896634221077
629,2383,0,0.009469592943787575
629,88,0,0.008705849759280682
629,3248,0,0.008030283264815807
630,1060,0,0.01949516497552395
630,1500,0,0.0169661957770586
630,2174,0,0.016771171241998672
630,45,0,0.014117288403213024
630,2542,0,0.011317841708660126
630,2700,0,0.01117952261120081
630,1188,0,0.011014568619430065
630,3052,0,0.010601247660815716
630,1234,0,0.00976241659373045
630,1883,0,0.008653010241687298
631,1645,0,0.0023741985205560923
631,1405,0,0.0011196716222912073
631,1711,0,0.0005440047243610024
631,3174,0,0.0005116627435199916
631,3483,0,0.0005043981363996863
631,2390,0,0.0004593611229211092
631,799,0,0.00045850133756175637
631,551,0,0.0004491554864216596
631,2144,0,0.0004483650263864547
631,253,0,0.0004122826212551445
632,1544,0,0.0384693443775177
632,1373,0,0.03809574991464615
632,788,0,0.03258734941482544
632,185,0,0.027449311688542366
632,1371,0,0.02122858725488186
632,442,0,0.01991451159119606
632,1831,0,0.017575668171048164
632,2450,0,0.017196763306856155
632,435,0,0.016857730224728584
632,172,0,0.01638673059642315
633,3624,0,0.02214880846440792
633,3915,0,0.02025635726749897
633,3616,0,0.018661201000213623
633,3618,0,0.01833260990679264
633,3911,0,0.018223091959953308
633,3484,0,0.01587357372045517
633,3617,0,0.015669621527194977
633,3556,0,0.014714491553604603
633,3751,0,0.014306783676147461
633,3512,0,0.014277206733822823
634,3675,0,0.033666159957647324
634,3745,0,0.025963202118873596
634,783,0,0.02048342302441597
634,2092,0,0.02044619433581829
634,3615,0,0.014749666675925255
634,1688,0,0.014374537393450737
634,2078,0,0.014285142533481121
634,616,0,0.013609973713755608
634,661,0,0.012825485318899155
634,2987,0,0.012413970194756985
635,3671,0,0.007911808788776398
635,1077,0,0.006235981825739145
635,3363,0,0.005718568805605173
635,3526,0,0.005364139564335346
635,2384,0,0.004479739814996719
635,2359,0,0.004288133233785629
635,1641,0,0.00421613734215498
635,2144,0,0.004198034293949604
635,1136,0,0.004141709301620722
635,1220,0,0.003914168570190668
636,748,0,0.010935328900814056
636,674,0,0.00791589543223381
636,329,0,0.006160985212773085
636,1676,0,0.005434758961200714
636,1590,0,0.003675490617752075
636,2808,0,0.0031759466510266066
636,1371,0,0.003014566143974662
636,1779,0,0.002793519292026758
636,2393,0,0.0025325780734419823
636,1831,0,0.0019526557298377156
637,2863,0,0.024665480479598045
637,1012,0,0.01955181546509266
637,2657,0,0.018655361607670784
637,1282,0,0.012403729371726513
637,2081,0,0.010652225464582443
637,3671,0,0.010203627869486809
637,3675,0,0.00728407921269536
637,1252,0,0.007200541906058788
637,3037,0,0.007168582174926996
637,2174,0,0.005410969723016024
638,2405,0,0.05570786073803902
638,1958,0,0.010326226241886616
638,2054,0,0.00907526258379221
638,1967,0,0.00660371920093894
638,2990,0,0.005700370296835899
638,2797,0,0.005657606292515993
638,3770,0,0.004937681369483471
638,2470,0,0.004910032730549574
638,2478,0,0.004672682844102383
638,2376,0,0.003544796258211136
639,2422,0,0.024994509294629097
639,3767,0,0.008269043639302254
639,2807,0,0.006582591682672501
639,3401,0,0.006030268967151642
639,1882,0,0.005156263243407011
639,2471,0,0.004905803594738245
639,1499,0,0.0047189341858029366
639,2375,0,0.00451560178771615
639,153,0,0.004097584169358015
639,160,0,0.003973857965320349
640,50,0,0.009353576228022575
640,1089,0,0.006180832628160715
640,1213,0,0.0052639939822256565
640,1179,0,0.004217869136482477
640,36,0,0.002835253719240427
640,2762,1,0.0019525813404470682
640,2329,0,0.0018637401517480612
640,2324,0,0.001684182439930737
640,1411,0,0.001503321691416204
640,1041,0,0.001100623281672597
641,2396,0,0.0025880802422761917
641,2248,0,0.0018446578178554773
641,2858,0,0.001683480921201408
641,1079,0,0.0016504155937582254
641,898,0,0.001633175415918231
641,3481,0,0.0011271012481302023
641,933,0,0.001014857436530292
641,3911,0,0.001002680161036551
641,969,0,0.0009385798475705087
641,2863,0,0.0008848418947309256
642,2078,0,0.0192856565117836
642,2081,0,0.01866612210869789
642,2797,0,0.017479266971349716
642,317,0,0.016546472907066345
642,2,0,0.009303920902311802
642,2161,0,0.007887638173997402
642,2193,0,0.006357484497129917
642,1025,0,0.006330124102532864
642,1688,0,0.006259100046008825
642,2779,0,0.005945299752056599
643,3793,1,0.09420077502727509
643,3384,0,0.0421455092728138
643,3157,0,0.02963760308921337
643,3745,0,0.02465742640197277
643,2840,0,0.02332111820578575
643,3273,0,0.023054299876093864
643,2806,0,0.01871694251894951
643,2907,0,0.017074914649128914
643,2841,0,0.01469396147876978
643,2961,0,0.012365488335490227
644,551,0,0.030326789245009422
644,3624,0,0.017614882439374924
644,589,0,0.012753312475979328
644,3566,0,0.012659188359975815
644,3160,0,0.012083791196346283
644,1282,0,0.01144084520637989
644,3515,0,0.010709995403885841
644,3148,0,0.010084313340485096
644,3513,0,0.0095609026029706
644,1466,0,0.008699321188032627
645,2997,0,0.00046574941370636225
645,2395,0,0.00041259490535594523
645,2700,0,0.0003952882834710181
645,2542,0,0.00034281995613127947
645,1079,0,0.000309410912450403
645,2289,0,0.00017379170458298177
645,1265,0,0.00016985229740384966
645,2359,0,0.00016173605399671942
645,1885,0,0.0001587321748957038
645,3006,0,0.00012159036850789562
646,1282,0,0.03354556858539581
646,1907,0,0.02867950312793255
646,364,0,0.023991180583834648
646,2096,0,0.020219020545482635
646,616,0,0.012428240850567818
646,2857,0,0.011696036905050278
646,2081,0,0.010618927888572216
646,3675,0,0.009574756026268005
646,2078,0,0.009013194590806961
646,1029,0,0.008039488457143307
647,292,0,0.052540794014930725
647,89,0,0.03541501611471176
647,2803,0,0.022245410829782486
647,1754,0,0.020842358469963074
647,2334,0,0.018243880942463875
647,163,0,0.0173574797809124
647,3274,0,0.01554972492158413
647,10,0,0.015255125239491463
647,3107,0,0.014547702856361866
647,2353,0,0.013997876085340977
648,2997,0,0.0309112761169672
648,1221,0,0.016886498779058456
648,2987,0,0.01376909576356411
648,1240,0,0.01196565106511116
648,924,0,0.011867716908454895
648,1617,0,0.011118083260953426
648,3793,0,0.010803231969475746
648,3328,0,0.008286403492093086
648,50,0,0.007312909234315157
648,3911,0,0.006952223833650351
649,1393,0,0.012282639741897583
649,293,0,0.006766687612980604
649,1729,0,0.0056922235526144505
649,2542,0,0.005139284301549196
649,47,0,0.004900012630969286
649,6,0,0.004881502594798803
649,1073,0,0.00408415962010622
649,1358,0,0.003913974855095148
649,1034,0,0.003837483236566186
649,2571,0,0.0037690906319767237
650,3510,0,0.017026327550411224
650,3354,0,0.008098136633634567
650,3624,0,0.0050390916876494884
650,3484,0,0.002921315375715494
650,3535,0,0.0027175864670425653
650,3752,0,0.002670429879799485
650,3513,0,0.0023707945365458727
650,3301,0,0.0022193072363734245
650,3190,0,0.0019151640590280294
650,3160,0,0.0013918732292950153
651,3767,0,0.010352546349167824
651,849,0,0.008872630074620247
651,3770,0,0.006621475797146559
651,208,0,0.00635957857593894
651,2002,0,0.006105564534664154
651,160,0,0.005841665435582399
651,1779,0,0.005833918694406748
651,3401,0,0.005768291652202606
651,405,0,0.005637794733047485
651,1373,0,0.005601662211120129
652,160,0,0.03729711100459099
652,2807,0,0.031445108354091644
652,173,0,0.018870169296860695
652,2053,0,0.016184719279408455
652,1882,0,0.013563199900090694
652,405,0,0.0121132368221879
652,1831,0,0.01117401197552681
652,748,0,0.010714266449213028
652,172,0,0.009541410952806473
652,546,0,0.008407803252339363
653,3157,0,0.028950423002243042
653,2485,0,0.027027204632759094
653,2396,1,0.023668112233281136
653,2598,0,0.017135733738541603
653,2394,0,0.015044239349663258
653,2395,0,0.012852014042437077
653,2702,0,0.009133846499025822
653,2840,0,0.00908615905791521
653,2581,0,0.007246349006891251
653,2724,0,0.007142071612179279
654,2145,0,0.006346032954752445
654,3308,0,0.004790906328707933
654,2000,0,0.004401610232889652
654,2750,0,0.003110297955572605
654,2369,0,0.003093893639743328
654,1295,0,0.0027227639220654964
654,2926,0,0.0023126250598579645
654,3591,0,0.002279076026752591
654,3424,0,0.0020438050851225853
654,2349,0,0.001922387513332069
655,1042,0,0.017443623393774033
655,3614,0,0.016740640625357628
655,3033,0,0.007153999526053667
655,2792,0,0.006759948562830687
655,1476,0,0.006535625550895929
655,45,0,0.00616506626829505
655,104,0,0.0060051740147173405
655,1485,0,0.005830733105540276
655,3398,0,0.005393668543547392
655,2469,0,0.005253849551081657
656,1077,0,0.044246118515729904
656,1036,0,0.028571009635925293
656,2664,0,0.020317239686846733
656,3702,0,0.01690235547721386
656,2571,0,0.01560425665229559
656,293,0,0.015300472266972065
656,3527,0,0.01251838356256485
656,2000,0,0.012392106465995312
656,2194,0,0.011903787963092327
656,1210,0,0.010834290646016598
657,2700,0,0.05485024303197861
657,2763,0,0.0504339300096035
657,3384,0,0.049913905560970306
657,2841,0,0.019627317786216736
657,3793,0,0.019306594505906105
657,3157,0,0.018672537058591843
657,3081,0,0.017447510734200478
657,2806,0,0.013361099176108837
657,2485,0,0.011453892104327679
657,2907,0,0.01111918780952692
658,852,0,0.0050400434993207455
658,236,0,0.0048577794805169106
658,1777,0,0.003961930982768536
658,367,0,0.0038644238375127316
658,3263,0,0.0034529881086200476
658,3614,0,0.003349590813741088
658,830,0,0.0027054729871451855
658,1888,0,0.0025400929152965546
658,1641,0,0.0023633530363440514
658,2375,0,0.002223388524726033
659,1729,0,0.013357026502490044
659,3100,0,0.006444140337407589
659,3252,0,0.005858182907104492
659,1120,0,0.005661263130605221
659,337,0,0.005069187842309475
659,628,0,0.0047746687196195126
659,1678,0,0.004689162131398916
659,802,0,0.004686410538852215
659,1268,0,0.004056982230395079
659,509,0,0.003988886717706919
660,3752,0,0.0041083055548369884
660,3355,0,0.0031748826149851084
660,3824,0,0.003122368361800909
660,3615,0,0.0027243432123214006
660,3827,0,0.0026268179062753916
660,3720,0,0.0026261303573846817
660,3946,0,0.002620561281219125
660,3858,0,0.0026133162900805473
660,3624,0,0.002357921563088894
660,3616,0,0.0021470747888088226
661,1252,0,0.053457509726285934
661,1276,0,0.0029650521464645863
661,913,0,0.0023812970612198114
661,800,0,0.0023559818509966135
661,3504,0,0.001665398944169283
661,296,0,0.0016015550354495645
661,953,0,0.0015971994725987315
661,1952,0,0.0015276221092790365
661,1256,0,0.0015162978088483214
661,3095,0,0.0014486585278064013
662,160,0,0.02361670508980751
662,2807,0,0.02067074365913868
662,1591,0,0.017722727730870247
662,405,0,0.0148725975304842
662,181,0,0.013588602654635906
662,1882,0,0.012883786112070084
662,2549,0,0.012612272053956985
662,2253,0,0.011651103384792805
662,173,0,0.00990015547722578
662,2053,0,0.008445091545581818
663,1971,0,0.04830632358789444
663,1977,0,0.03681258112192154
663,2119,0,0.03219364956021309
663,1985,0,0.025280728936195374
663,1998,0,0.024303313344717026
663,3840,0,0.022794105112552643
663,1976,0,0.022715570405125618
663,606,0,0.021049179136753082
663,1980,0,0.020618775859475136
663,891,0,0.01927988789975643
664,296,0,0.028851278126239777
664,1252,0,0.02319742739200592
664,1617,0,0.018168970942497253
664,50,0,0.0150347501039505
664,1213,0,0.014058617874979973
664,1089,0,0.009229891002178192
664,1221,0,0.008633594959974289
664,318,0,0.006770084612071514
664,32,0,0.006120506674051285
664,1179,0,0.005871569272130728
665,1994,0,0.01660037226974964
665,2366,0,0.015325662679970264
665,3499,0,0.011365384794771671
665,2459,0,0.009110821411013603
665,1350,0,0.007242185529321432
665,2118,0,0.005545216612517834
665,1347,0,0.005428480450063944
665,2455,0,0.0049545494839549065
665,968,0,0.004894754383713007
665,3476,0,0.004848910961300135
666,1213,0,0.020017212256789207
666,2324,0,0.013371420092880726
666,2997,0,0.013353305868804455
666,3006,0,0.012100773863494396
666,17,0,0.012027141638100147
666,36,0,0.010123812593519688
666,1277,0,0.00905750971287489
666,1945,0,0.008226768113672733
666,1188,0,0.007264505606144667
666,1147,0,0.006449331063777208
667,1573,0,0.008837318979203701
667,1580,0,0.004563453141599894
667,21,0,0.0026032105088233948
667,480,0,0.0023663777392357588
667,3178,0,0.00179815455339849
667,2001,0,0.0012766228755936027
667,1356,0,0.0011927724117413163
667,1047,0,0.001113397884182632
667,1909,0,0.000949652458075434
667,2641,0,0.0008948336471803486
668,1573,0,0.039993271231651306
668,2353,0,0.02254260703921318
668,110,0,0.016325052827596664
668,2194,0,0.011055325157940388
668,3418,0,0.01075840461999178
668,2058,0,0.010273875668644905
668,1954,0,0.010205513797700405
668,2571,0,0.009805518202483654
668,454,0,0.007742845918983221
668,3256,0,0.007600152865052223
669,3745,0,0.2723221182823181
669,3615,0,0.07422859966754913
669,3483,0,0.0719153881072998
669,3555,0,0.05085580423474312
669,3624,0,0.015358587726950645
669,3755,0,0.010998507030308247
669,3861,0,0.009926117956638336
669,3948,0,0.009635929018259048
669,3753,0,0.009197017177939415
669,3316,0,0.008912516757845879
670,1269,0,0.0068300398997962475
670,3675,0,0.004565965849906206
670,3624,0,0.0036348989233374596
670,3566,0,0.003038221737369895
670,3481,0,0.0027413605712354183
670,2455,0,0.002632726449519396
670,3745,0,0.002618625061586499
670,2657,0,0.002201828407123685
670,1035,0,0.002173116197809577
670,1284,0,0.002129137283191085
671,898,0,0.006678845267742872
671,927,0,0.005919832736253738
671,3435,0,0.005066199228167534
671,1260,0,0.004698615055531263
671,2186,0,0.0036932274233549833
671,3915,0,0.0035776107106357813
671,2935,0,0.0033678486943244934
671,3547,0,0.002722477773204446
671,3730,0,0.0023186467587947845
671,3097,0,0.002280000364407897
672,480,0,0.014889243990182877
672,2571,0,0.010681729763746262
672,3418,0,0.010643196292221546
672,2529,0,0.008545709773898125
672,1610,0,0.008008226752281189
672,1291,0,0.007683137431740761
672,2058,0,0.007187838200479746
672,2949,0,0.006512629333883524
672,1210,0,0.006505292374640703
672,2916,0,0.005734082777053118
673,2160,0,0.02060413360595703
673,1252,0,0.009757745079696178
673,2940,0,0.00882384181022644
673,1269,0,0.008213605731725693
673,1261,0,0.006413588300347328
673,3927,0,0.00550002371892333
673,2657,0,0.004579615313559771
673,1350,0,0.004174697212874889
673,1965,0,0.0025937408208847046
673,930,0,0.0021626134403049946
674,1252,0,0.020765306428074837
674,1089,0,0.005580395460128784
674,1213,0,0.004833939019590616
674,296,0,0.0036891286727041006
674,1783,0,0.0022327257320284843
674,942,0,0.002116261050105095
674,3435,0,0.002048489172011614
674,593,0,0.0016911255661398172
674,1219,0,0.001665236777625978
674,2391,0,0.001662207767367363
675,3174,0,0.009217075072228909
675,233,0,0.007546369452029467
675,3543,0,0.006510959938168526
675,2976,0,0.005401019472628832
675,2719,0,0.00500353891402483
675,3578,1,0.003881704993546009
675,2546,0,0.0038206318859010935
675,2390,0,0.0038156325463205576
675,3113,0,0.0037631564773619175
675,2718,0,0.00336795998737216
676,1839,0,0.048332907259464264
676,830,0,0.02727366052567959
676,374,0,0.01876302808523178
676,3248,0,0.018750276416540146
676,419,0,0.013874126598238945
676,234,0,0.011306585744023323
676,135,0,0.011171556077897549
676,1453,0,0.010809849947690964
676,520,0,0.010055202059447765
676,1592,0,0.010053303092718124
677,1805,0,0.04262705147266388
677,1589,0,0.02856842428445816
677,1343,0,0.02307967096567154
677,491,0,0.015394916757941246
677,3386,0,0.012377266772091389
677,3262,0,0.012075579725205898
677,57,0,0.010303864255547523
677,350,0,0.009674075059592724
677,3794,0,0.008946110494434834
677,3044,0,0.00817378144711256
678,2565,0,0.032856494188308716
678,3675,0,0.03126228600740433
678,1029,0,0.019071880728006363
678,927,0,0.01835002191364765
678,783,0,0.00945337489247322
678,2085,0,0.00800852756947279
678,239,0,0.0079948790371418
678,1012,0,0.007298292592167854
678,2971,0,0.007217445410788059
678,48,0,0.0062221041880548
679,3702,1,0.022013941779732704
679,32,0,0.00980096124112606
679,1199,0,0.0033999632578343153
679,1301,0,0.00337786041200161
679,1527,0,0.003167932853102684
679,2916,0,0.0029592388309538364
679,3576,0,0.0027657803148031235
679,2288,0,0.0024756109341979027
679,2495,0,0.0024564885534346104
679,2287,0,0.002262977883219719
680,2702,0,0.024622434750199318
680,3176,0,0.014438275247812271
680,2961,0,0.008919823914766312
680,3157,0,0.008759470656514168
680,2700,0,0.00683150440454483
680,2763,0,0.0056284633465111256
680,2806,0,0.004812765400856733
680,2396,0,0.004720015451312065
680,2485,0,0.004494464956223965
680,2724,0,0.0033398307859897614
681,616,0,0.059855930507183075
681,2394,0,0.023504532873630524
681,1907,0,0.02104942314326763
681,60,0,0.01802680268883705
681,1030,0,0.013577232137322426
681,2090,0,0.013173461891710758
681,2142,0,0.012262673117220402
681,2139,0,0.012071850709617138
681,2092,0,0.011590102687478065
681,239,0,0.01132085733115673
682,2716,0,0.008968420326709747
682,1136,0,0.007255776319652796
682,3363,0,0.0053113969042897224
682,1641,0,0.0027804342098534107
682,1288,0,0.002677138661965728
682,1259,0,0.002184772165492177
682,1307,0,0.002129614818841219
682,2926,0,0.0019183915574103594
682,1965,0,0.0017207670025527477
682,3481,0,0.0016457777237519622
683,480,0,0.03779127821326256
683,1573,0,0.03476183861494064
683,1408,0,0.025992706418037415
683,380,0,0.02020956762135029
683,2763,0,0.01828487403690815
683,2278,0,0.017958885058760643
683,1356,0,0.016991306096315384
683,1343,0,0.01571757346391678
683,1722,0,0.015206431970000267
683,292,0,0.012065991759300232
684,2826,0,0.02222408540546894
684,2707,0,0.006929297931492329
684,3146,0,0.005632805172353983
684,2188,0,0.005439490079879761
684,3285,0,0.004521762952208519
684,3113,0,0.004384737461805344
684,2827,0,0.0034553930163383484
684,1127,0,0.0031667775474488735
684,3005,0,0.0030956713017076254
684,2355,0,0.0030484243761748075
685,2390,0,0.002070542424917221
685,3174,0,0.0016825381899252534
685,52,0,0.0016135615296661854
685,2188,0,0.0013376824790611863
685,2699,0,0.00130168825853616
685,3555,0,0.0012593375286087394
685,2997,0,0.001223012455739081
685,3481,0,0.0011892160400748253
685,2572,0,0.0009578876197338104
685,3285,0,0.0008803557138890028
686,648,0,0.02045050449669361
686,377,0,0.01915406621992588
686,3256,0,0.013485219329595566
686,1722,0,0.009328311309218407
686,1356,0,0.009133432060480118
686,2291,0,0.008276114240288734
686,1573,0,0.008103170432150364
686,1370,0,0.007827620021998882
686,587,0,0.007502921391278505
686,1466,0,0.006709489040076733
687,830,0,0.05935346335172653
687,1453,0,0.03822624310851097
687,1353,0,0.030791671946644783
687,236,0,0.0303708054125309
687,691,0,0.030068490654230118
687,1731,0,0.012119652703404427
687,140,0,0.012106789276003838
687,419,0,0.010661272332072258
687,186,0,0.009560823440551758
687,586,0,0.008817537687718868
688,1201,0,0.0028443571645766497
688,260,0,0.0027139594312757254
688,1240,0,0.0025883398484438658
688,1960,0,0.0025748873595148325
688,1953,0,0.0025719485711306334
688,3418,0,0.0023306848015636206
688,2969,0,0.0023301802575588226
688,1294,0,0.001727558788843453
688,2571,0,0.001416403567418456
688,1674,0,0.0013254169607535005
689,160,0,0.054447293281555176
689,880,0,0.03727255389094353
689,173,0,0.0296481940895319
689,2450,0,0.02734248712658882
689,2549,0,0.025361644104123116
689,2034,0,0.0239538736641407
689,849,0,0.02185397408902645
689,172,0,0.01844768039882183
689,2808,0,0.018382858484983444
689,1831,0,0.017282787710428238
690,3316,0,0.015162981115281582
690,3536,0,0.011049944907426834
690,3564,0,0.008632139302790165
690,3615,0,0.0070169903337955475
690,3826,1,0.006381603889167309
690,3744,0,0.005537220276892185
690,3617,0,0.005279185250401497
690,3624,0,0.004762623924762011
690,3911,0,0.004751640371978283
690,3824,0,0.004240692593157291
691,1958,0,0.0011957092210650444
691,1641,0,0.0011243296321481466
691,551,0,0.0005872040055692196
691,2144,0,0.0005644355551339686
691,2000,0,0.0005206090863794088
691,2100,0,0.0005174631951376796
691,1307,0,0.0005114279920235276
691,3398,0,0.0005102519644424319
691,3552,0,0.0005071352934464812
691,837,0,0.0004987004213035107
692,2657,0,0.014690672047436237
692,1171,0,0.013493807055056095
692,2243,0,0.010797547176480293
692,1059,0,0.009280013851821423
692,1958,0,0.008711754344403744
692,3526,0,0.008667323738336563
692,3536,0,0.008543379604816437
692,1186,0,0.008169197477400303
692,2144,0,0.007929774932563305
692,3911,0,0.007523761130869389
693,3513,0,0.06696824729442596
693,3555,0,0.047968342900276184
693,3300,0,0.027958082035183907
693,3624,0,0.027117343619465828
693,3316,0,0.022834569215774536
693,3946,0,0.022637387737631798
693,3578,0,0.018484152853488922
693,3615,0,0.01761915720999241
693,3301,0,0.017173152416944504
693,3744,0,0.015750683844089508
694,1240,0,0.00024442991707473993
694,2762,0,0.0001936356711667031
694,3114,0,0.0001635618828004226
694,3798,0,0.00014464643027167767
694,111,1,0.00012689991854131222
694,1200,0,0.00012151362898293883
694,1206,0,0.00012024385068798438
694,2987,0,9.84959042398259e-05
694,750,0,8.914909994928166e-05
694,1214,0,8.358393824892119e-05
695,1228,0,0.02197033166885376
695,318,0,0.012539640069007874
695,2762,0,0.0124621307477355
695,1225,0,0.008485586382448673
695,1617,0,0.006998663302510977
695,608,0,0.006961445324122906
695,1952,0,0.006340856663882732
695,923,0,0.006196747999638319
695,858,0,0.00561386626213789
695,1234,0,0.005307240877300501
696,2706,0,0.17802684009075165
696,2699,0,0.05158261954784393
696,2976,0,0.03468545526266098
696,3285,0,0.02872685343027115
696,3005,0,0.02790762297809124
696,2771,0,0.02343175932765007
696,2997,0,0.021593913435935974
696,2707,0,0.020833095535635948
696,2188,0,0.019271893426775932
696,2433,0,0.01627383753657341
697,45,0,0.03169909864664078
697,1883,0,0.01684160716831684
697,1042,0,0.011028219014406204
697,3253,0,0.01051375549286604
697,1060,0,0.009220953099429607
697,2359,0,0.008955678902566433
697,1517,0,0.008632092736661434
697,441,0,0.008151055313646793
697,2384,0,0.007198495790362358
697,3052,0,0.006438377313315868
698,2762,0,0.08564923703670502
698,2174,0,0.03072073496878147
698,1,0,0.019942503422498703
698,2858,0,0.01933094672858715
698,2997,0,0.01904848963022232
698,2571,0,0.018442807719111443
698,32,0,0.014792665839195251
698,1240,0,0.013437948189675808
698,1097,0,0.010768977925181389
698,2804,0,0.01008413452655077
699,2634,0,0.03148573637008667
699,1261,0,0.017690135166049004
699,2455,0,0.01757962442934513
699,2459,0,0.009476697072386742
699,1345,0,0.008056183345615864
699,1350,0,0.006989624816924334
699,2657,0,0.006954772397875786
699,2121,0,0.006770358420908451
699,2160,0,0.005711531266570091
699,2781,0,0.005207749083638191
700,942,0,0.15007729828357697
700,2066,0,0.07325072586536407
700,904,0,0.049343060702085495
700,1260,0,0.04687460884451866
700,2940,0,0.026278091594576836
700,1086,0,0.01811184361577034
700,2203,0,0.014002823270857334
700,1069,0,0.013882149942219257
700,924,0,0.013039668090641499
700,1212,0,0.012273519299924374
701,3555,0,0.004660317674279213
701,1343,0,0.0028205409180372953
701,3513,0,0.0027755338232964277
701,1589,0,0.0024692807346582413
701,3179,0,0.0018277628114446998
701,1711,0,0.0017398081254214048
701,866,0,0.0016498388722538948
701,2542,0,0.0015900412108749151
701,3005,0,0.001493964809924364
701,1092,0,0.0014758225297555327
702,3388,0,0.07799626141786575
702,19,1,0.02945307269692421
702,2380,0,0.0267623458057642
702,3385,0,0.020466888323426247
702,1839,0,0.015258806757628918
702,429,0,0.013190116733312607
702,830,0,0.012426279485225677
702,93,0,0.012214567512273788
702,2953,0,0.010293037630617619
702,1863,0,0.009651034139096737
703,2454,0,0.014992523938417435
703,1261,0,0.011298020370304585
703,3927,0,0.008931168355047703
703,2455,0,0.007586943916976452
703,2948,0,0.007332030683755875
703,1350,0,0.007259254343807697
703,3930,0,0.0067386203445494175
703,3928,0,0.005673637613654137
703,2657,0,0.005561976693570614
703,1249,0,0.005500914063304663
704,3176,0,0.013096502050757408
704,2762,0,0.011167173273861408
704,2485,0,0.010342199355363846
704,2702,0,0.009939832612872124
704,3081,0,0.00659185042604804
704,3273,0,0.005003221798688173
704,2701,1,0.004525728058069944
704,2961,0,0.004502526018768549
704,2693,0,0.004227999597787857
704,2692,0,0.003308942075818777
705,2807,0,0.033252306282520294
705,3826,0,0.027547510340809822
705,2940,0,0.019096631556749344
705,3511,0,0.01839313842356205
705,3598,0,0.01743137091398239
705,3911,0,0.016679083928465843
705,3615,0,0.01661190390586853
705,3946,0,0.011878691613674164
705,3646,0,0.008910464122891426
705,3509,0,0.008738760836422443
706,475,0,0.008110003545880318
706,1643,0,0.008050583302974701
706,1177,0,0.0067014084197580814
706,1678,0,0.00658375071361661
706,26,0,0.0059801675379276276
706,538,0,0.0052660866640508175
706,805,0,0.005248055327683687
706,282,0,0.004916199017316103
706,832,0,0.0042959051206707954
706,350,0,0.004250186961144209
707,1645,0,0.031129134818911552
707,1589,0,0.028492987155914307
707,1805,0,0.018485965207219124
707,2338,0,0.017850831151008606
707,350,0,0.013348709791898727
707,3082,0,0.011890077032148838
707,1754,0,0.011803288012742996
707,3262,0,0.011703768745064735
707,1711,0,0.010510943830013275
707,1422,0,0.010214815847575665
708,3753,1,0.054934270679950714
708,1035,0,0.03407314792275429
708,480,0,0.0337812677025795
708,3624,0,0.02976980432868004
708,3300,0,0.029146559536457062
708,2657,0,0.027983231469988823
708,144,0,0.027188576757907867
708,1965,0,0.02634674310684204
708,551,0,0.02260139212012291
708,3555,0,0.019602909684181213
709,3039,0,0.014251925982534885
709,2455,0,0.013709263876080513
709,2144,0,0.013263684697449207
709,1958,0,0.011401910334825516
709,2926,0,0.010863288305699825
709,2022,0,0.010771546512842178
709,3210,0,0.009463678114116192
709,2750,0,0.009423214010894299
709,3521,0,0.008027530275285244
709,2312,0,0.007753024343401194
710,3316,0,0.07909436523914337
710,3452,0,0.02256852202117443
710,3646,0,0.016376912593841553
710,3301,0,0.015893056988716125
710,3513,0,0.014464909210801125
710,3753,0,0.013145672157406807
710,3484,0,0.012572269886732101
710,3824,0,0.010811247862875462
710,3744,0,0.009907880797982216
710,3535,0,0.009795304387807846
711,924,0,0.017169665545225143
711,2858,0,0.011656691320240498
711,3421,0,0.011053002439439297
711,1136,0,0.009977149777114391
711,1224,0,0.006262632552534342
711,2791,0,0.006237119436264038
711,1299,0,0.006197391077876091
711,36,0,0.005830446723848581
711,2028,0,0.005389200057834387
711,2599,0,0.005229816772043705
712,891,0,0.05061188340187073
712,1971,0,0.0253971628844738
712,1972,0,0.022824576124548912
712,1993,0,0.01570454053580761
712,1980,0,0.015473063103854656
712,1544,0,0.014611608348786831
712,611,0,0.013319634832441807
712,2188,0,0.012878108769655228
712,3593,0,0.012007695622742176
712,3534,0,0.011749711818993092
713,2096,0,0.04292730987071991
713,1028,0,0.033983778208494186
713,1032,0,0.032601844519376755
713,2857,0,0.022169476374983788
713,616,0,0.01951446756720543
713,3034,0,0.018747840076684952
713,2941,0,0.017905572429299355
713,2081,0,0.016995763406157494
713,2087,0,0.01617656648159027
713,783,0,0.015472079627215862
714,368,0,0.0071907248347997665
714,1772,0,0.0058898599818348885
714,1320,0,0.004748377483338118
714,1378,0,0.004297876730561256
714,1391,0,0.0030746986158192158
714,3702,0,0.002360651269555092
714,160,0,0.002069443929940462
714,1580,0,0.0018245205283164978
714,3062,0,0.0017573237419128418
714,1544,0,0.001718049170449376
715,2687,0,0.0031478519085794687
715,1029,0,0.0029461535159498453
715,616,0,0.0012060074368491769
715,594,0,0.001202096464112401
715,3675,0,0.001164487563073635
715,783,0,0.0011198777938261628
715,2078,0,0.0010701767168939114
715,2018,0,0.0008679251186549664
715,2139,0,0.000845650618430227
715,2099,0,0.0007817031000740826
716,48,0,0.04488423466682434
716,2092,0,0.028668025508522987
716,2687,0,0.017481189221143723
716,2099,0,0.013034948147833347
716,13,0,0.010747931897640228
716,2139,0,0.008669920265674591
716,673,0,0.008013556711375713
716,2941,0,0.007423251401633024
716,1688,0,0.007321014069020748
716,1405,0,0.007044533267617226
717,3624,0,0.016111670061945915
717,3484,0,0.012033389881253242
717,2792,0,0.0082427728921175
717,366,0,0.007622838951647282
717,3515,0,0.004739117342978716
717,1970,0,0.004688828252255917
717,3555,0,0.004678586032241583
717,1971,0,0.004376645665615797
717,3481,0,0.004046651069074869
717,3190,0,0.0039901589043438435
718,208,0,0.07010030746459961
718,370,0,0.023005411028862
718,1562,0,0.01711546815931797
718,3841,0,0.015112741850316525
718,2411,0,0.012182879261672497
718,153,0,0.011809566989541054
718,455,0,0.010224309749901295
718,169,0,0.009966450743377209
718,1438,0,0.009840868413448334
718,434,0,0.009020805358886719
719,2396,0,0.10556217283010483
719,2700,0,0.025969577953219414
719,1223,0,0.012598498724400997
719,2997,0,0.010936718434095383
719,34,0,0.010753045789897442
719,2762,0,0.009377658367156982
719,2395,0,0.008110348135232925
719,1885,0,0.005894478876143694
719,2289,0,0.0057199858129024506
719,1500,0,0.0041658212430775166
720,653,0,0.03605782985687256
720,2,0,0.027396293357014656
720,2161,0,0.019735490903258324
720,367,0,0.01467923354357481
720,60,0,0.01343849953263998
720,1009,0,0.009473835118114948
720,329,0,0.009465739130973816
720,3479,0,0.009179659187793732
720,2174,0,0.007258104160428047
720,2021,0,0.006920050363987684
721,2940,0,0.023857273161411285
721,930,0,0.021900923922657967
721,2203,0,0.014967478811740875
721,927,0,0.0112091563642025
721,926,0,0.010587065480649471
721,2565,0,0.008206473663449287
721,3871,0,0.007765777409076691
721,1260,0,0.0070307753048837185
721,904,0,0.00693043926730752
721,3334,0,0.006399145815521479
722,2395,0,0.0033806576393544674
722,32,0,0.0033747239504009485
722,36,0,0.0033104834146797657
722,1249,0,0.0033042270224541426
722,1641,0,0.002836252097040415
722,1343,0,0.0026820157654583454
722,2384,0,0.002301911823451519
722,1678,0,0.002147282939404249
722,588,0,0.002018842613324523
722,39,0,0.0019871273543685675
723,2763,0,0.08244144916534424
723,2692,0,0.07904008030891418
723,2961,0,0.060882557183504105
723,2702,0,0.0570082888007164
723,2841,0,0.05345926061272621
723,2806,0,0.03514675050973892
723,2700,0,0.03503400459885597
723,2396,0,0.03399033471941948
723,3081,0,0.03259209543466568
723,3157,0,0.025820855051279068
724,292,0,0.03321456536650658
724,1769,0,0.027098044753074646
724,2334,0,0.01964450441300869
724,1092,0,0.016555020585656166
724,18,0,0.016541913151741028
724,1754,0,0.016422970220446587
724,1422,0,0.014666558243334293
724,695,0,0.014140665531158447
724,3249,0,0.01293814368546009
724,1805,0,0.012848426587879658
725,1213,0,0.021233797073364258
725,1041,0,0.008302786387503147
725,2997,0,0.007064266130328178
725,2324,0,0.0066403476521372795
725,2289,0,0.006125480867922306
725,36,0,0.0053322454914450645
725,1617,0,0.005232891999185085
725,32,0,0.005155491642653942
725,593,0,0.004315228201448917
725,2762,0,0.004288958385586739
726,236,0,0.039465975016355515
726,252,0,0.028260793536901474
726,7,0,0.014624659903347492
726,1888,0,0.014123370870947838
726,440,0,0.01187894120812416
726,222,0,0.011853784322738647
726,1735,0,0.00987275317311287
726,3,0,0.0070257107727229595
726,3528,0,0.006049902644008398
726,2497,0,0.005872910842299461
727,1213,0,0.035487428307533264
727,608,0,0.030679479241371155
727,1729,0,0.023100700229406357
727,36,0,0.021198606118559837
727,1358,0,0.02039247937500477
727,1466,0,0.02012099325656891
727,1089,0,0.016665847972035408
727,2268,0,0.015482284128665924
727,337,0,0.01322544738650322
727,34,0,0.01255086250603199
728,1378,0,0.040982361882925034
728,3591,0,0.016124717891216278
728,2792,0,0.014968746341764927
728,3791,0,0.01110025867819786
728,3948,0,0.009961369447410107
728,2111,0,0.00859504472464323
728,3688,0,0.008307444863021374
728,1295,0,0.007628863677382469
728,3041,0,0.004990370478481054
728,3911,0,0.004981042351573706
729,736,0,0.02826288342475891
729,10,0,0.025084078311920166
729,648,0,0.0217644814401865
729,1370,0,0.019696222618222237
729,1379,0,0.013103218749165535
729,517,0,0.009997263550758362
729,368,0,0.008909937925636768
729,2353,0,0.007653623353689909
729,1049,0,0.006954018026590347
729,95,0,0.006855441257357597
730,1370,0,0.010425139218568802
730,2058,0,0.005162819288671017
730,2353,0,0.004870650824159384
730,1343,0,0.003676939057186246
730,1580,0,0.0034661509562283754
730,377,0,0.0033882949501276016
730,349,0,0.002502256305888295
730,1573,0,0.0022192508913576603
730,1047,0,0.002066932385787368
730,32,0,0.0020016245543956757
731,1589,0,0.02408456802368164
731,1805,0,0.02211681380867958
731,3145,0,0.017459910362958908
731,1393,0,0.016484104096889496
731,3386,0,0.010670902207493782
731,150,0,0.010631910525262356
731,350,0,0.009118976071476936
731,1729,0,0.008660035207867622
731,2231,0,0.008152274414896965
731,225,0,0.00792457815259695
732,3401,0,0.02233663946390152
732,3767,0,0.021093258634209633
732,1381,0,0.015620792284607887
732,2471,0,0.015067284926772118
732,2382,0,0.012980390340089798
732,2381,0,0.01145949773490429
732,3048,0,0.009671303443610668
732,3690,0,0.00950438529253006
732,1977,0,0.009215050376951694
732,2119,0,0.00824287161231041
733,1079,0,0.003915725275874138
733,2599,0,0.0029490983579307795
733,144,0,0.0024979645386338234
733,3253,0,0.002358114579692483
733,125,0,0.002222430659458041
733,1449,0,0.0013398000737652183
733,1923,0,0.0013385382480919361
733,3543,0,0.0011208527721464634
733,1641,0,0.0010868808021768928
733,1517,0,0.0010562889510765672
734,2605,0,0.014774992130696774
734,2336,0,0.013643057085573673
734,2676,0,0.006341332104057074
734,3510,0,0.005682715680450201
734,2629,0,0.003242306411266327
734,2976,0,0.0032250764779746532
734,233,0,0.002906311070546508
734,2770,0,0.002791391685605049
734,2888,0,0.0024699578061699867
734,2713,1,0.0022987534757703543
735,2144,0,0.05191275477409363
735,3039,0,0.04523385688662529
735,2000,0,0.017813391983509064
735,3526,0,0.014220614917576313
735,2352,0,0.01308685913681984
735,1958,0,0.012346656993031502
735,2739,0,0.011469841934740543
735,1186,0,0.01054934598505497
735,3098,0,0.009081953205168247
735,2926,0,0.00845192838460207
736,745,0,0.0033704626839607954
736,2699,0,0.003239196026697755
736,2188,0,0.0031279795803129673
736,3147,0,0.0030104932375252247
736,2997,0,0.003000437282025814
736,2710,0,0.0028663030825555325
736,999,0,0.0021025643218308687
736,2858,0,0.0018266051774844527
736,3157,0,0.001688075135461986
736,2572,0,0.0016320733120664954
737,2762,0,0.08442634344100952
737,3185,0,0.021933482959866524
737,2841,0,0.018377207219600677
737,1909,0,0.018212011083960533
737,3384,0,0.017036519944667816
737,1580,0,0.01660452038049698
737,2600,0,0.015875544399023056
737,2542,0,0.01506364718079567
737,3793,0,0.013881622813642025
737,3745,0,0.012646946124732494
738,3826,0,0.049202606081962585
738,3566,0,0.03306102007627487
738,3745,0,0.029062168672680855
738,3863,0,0.024052267894148827
738,3512,0,0.02148367278277874
738,3534,0,0.01865531876683235
738,3273,0,0.018536869436502457
738,3858,0,0.01824582926928997
738,3481,0,0.017428265884518623
738,3328,0,0.017292572185397148
739,1035,0,0.026541050523519516
739,3675,0,0.021887274459004402
739,1282,0,0.020470721647143364
739,2657,0,0.019153032451868057
739,586,0,0.0188607070595026
739,2081,0,0.012010188773274422
739,1721,0,0.011961870826780796
739,1391,0,0.01137260627001524
739,48,0,0.009043553844094276
739,367,0,0.008676295168697834
740,3354,1,0.06429022550582886
740,3624,0,0.04054706171154976
740,3745,0,0.03280377388000488
740,3863,0,0.031615931540727615
740,3173,0,0.023152537643909454
740,3452,0,0.022103462368249893
740,3744,0,0.016988342627882957
740,3513,0,0.016088902950286865
740,3566,0,0.012493979185819626
740,3328,0,0.012273128144443035
741,606,0,0.08141959458589554
741,1980,0,0.018734009936451912
741,3017,0,0.015933029353618622
741,2634,0,0.014315753243863583
741,1993,0,0.014304439537227154
741,2614,0,0.012897387146949768
741,2327,0,0.007902991957962513
741,1995,0,0.0077390046790242195
741,1972,0,0.007521781139075756
741,1998,0,0.0064323279075324535
742,1676,0,0.04516447335481644
742,1527,0,0.0388653539121151
742,329,0,0.033772509545087814
742,2011,0,0.020908940583467484
742,788,0,0.015197266824543476
742,1584,0,0.011345022358000278
742,748,0,0.008940250612795353
742,2393,0,0.008724492974579334
742,1396,0,0.008402946405112743
742,2528,0,0.008083640597760677
743,3174,0,0.014405363239347935
743,45,0,0.012813085690140724
743,1643,0,0.011876318603754044
743,224,0,0.010852991603314877
743,848,0,0.009948121383786201
743,3158,0,0.009543049149215221
743,1711,0,0.007415938191115856
743,1958,0,0.006210447289049625
743,1476,0,0.006043918896466494
743,2337,0,0.005898711737245321
744,2333,0,0.01576106622815132
744,2390,0,0.014931402169167995
744,3174,0,0.00829897727817297
744,2719,0,0.008120172657072544
744,2336,0,0.007587847765535116
744,2690,0,0.006056981161236763
744,2716,0,0.005926971789449453
744,2906,0,0.005315880756825209
744,3053,0,0.004851766861975193
744,2605,0,0.004375705029815435
745,3952,1,0.1633465737104416
745,3515,0,0.05386665463447571
745,3865,0,0.010030945762991905
745,3786,0,0.009389038197696209
745,3534,0,0.007949973456561565
745,3615,0,0.007634023670107126
745,3484,0,0.006451529450714588
745,3481,0,0.0058980584144592285
745,3566,0,0.00549676176160574
745,3858,0,0.005301433149725199
746,3915,0,0.010477641597390175
746,3911,0,0.00937717780470848
746,3896,0,0.005537549965083599
746,3946,0,0.004739598836749792
746,3858,0,0.003988353535532951
746,3852,0,0.00382596836425364
746,3481,0,0.0036469281185418367
746,3624,0,0.003460412612184882
746,3566,0,0.003233346389606595
746,3882,0,0.0032313379924744368
747,1965,0,0.010719938203692436
747,2455,0,0.005018283147364855
747,1129,0,0.004782753996551037
747,3927,0,0.003304904792457819
747,1580,1,0.003253535134717822
747,780,0,0.003208269365131855
747,3300,0,0.003199182916432619
747,2011,0,0.003179923864081502
747,1909,0,0.003060887800529599
747,1396,0,0.002326419809833169
748,3624,0,0.04558567702770233
748,3555,0,0.02963373251259327
748,3484,0,0.02639945223927498
748,891,0,0.022699745371937752
748,3300,0,0.019982606172561646
748,3190,0,0.017210451886057854
748,3513,0,0.016839634627103806
748,3793,0,0.016772087663412094
748,3617,0,0.015562744811177254
748,3301,0,0.015200442634522915
749,3948,0,0.04007551819086075
749,3783,0,0.032533224672079086
749,3911,0,0.03227044641971588
749,3910,0,0.018945250660181046
749,3893,0,0.01655762642621994
749,3949,0,0.013682272285223007
749,930,0,0.012029559351503849
749,3536,0,0.011096838861703873
749,3915,0,0.010914020240306854
749,3751,0,0.01061740517616272
750,1228,0,0.02712954953312874
750,927,0,0.024816147983074188
750,955,0,0.015788264572620392
750,898,0,0.01177383866161108
750,3468,0,0.011712976731359959
750,846,0,0.010860542766749859
750,1041,0,0.007178024388849735
750,3090,0,0.006232410203665495
750,1264,0,0.0059774466790258884
750,1231,0,0.005963705014437437
751,3624,0,0.06945226341485977
751,551,0,0.050869960337877274
751,2657,0,0.044579047709703445
751,1965,1,0.03847457468509674
751,1035,0,0.03494386002421379
751,3555,0,0.02936357446014881
751,661,0,0.025384346023201942
751,144,0,0.025021489709615707
751,3300,0,0.01778719574213028
751,1269,0,0.01612473465502262
752,3386,0,0.018889691680669785
752,36,0,0.011062285862863064
752,1252,0,0.009399118833243847
752,1805,0,0.008549759164452553
752,1466,0,0.008109682239592075
752,3007,0,0.008060477674007416
752,2762,0,0.007789809722453356
752,1179,0,0.006862362381070852
752,162,0,0.006833180319517851
752,2952,0,0.006736014503985643
753,19,0,0.0197334922850132
753,169,0,0.0166939627379179
753,429,0,0.013560212217271328
753,2325,0,0.012948731891810894
753,673,0,0.012910821475088596
753,3146,0,0.012538384646177292
753,195,0,0.011827929876744747
753,2335,0,0.011581775732338428
753,419,0,0.010293085128068924
753,1731,0,0.010175117291510105
754,1610,0,0.015919476747512817
754,457,0,0.013933452777564526
754,2000,0,0.01266422588378191
754,2762,0,0.011748992837965488
754,2028,0,0.009717775508761406
754,2858,0,0.009182548150420189
754,110,0,0.007295679301023483
754,589,0,0.007098180241882801
754,2571,0,0.0068833292461931705
754,3418,0,0.006506308447569609
755,21,0,0.02048209309577942
755,1393,0,0.019681241363286972
755,2194,0,0.01243597362190485
755,1500,0,0.01027226448059082
755,2352,0,0.009244363754987717
755,1729,0,0.008586502633988857
755,1245,0,0.008086043410003185
755,1059,0,0.0070765321142971516
755,1962,0,0.006814900320023298
755,1678,0,0.005370137747377157
756,1265,0,0.000674330978654325
756,1136,0,0.0006609701667912304
756,2788,0,0.0006254344480112195
756,1,0,0.0005391366430558264
756,2396,0,0.0004537702479865402
756,1278,0,0.0004444040241651237
756,1500,0,0.0003935710992664099
756,1234,0,0.000387896376196295
756,1276,0,0.00034392846282571554
756,3671,0,0.0003319687966722995
757,160,0,0.030065413564443588
757,168,0,0.027983104810118675
757,849,0,0.024637771770358086
757,204,0,0.020149094983935356
757,836,0,0.019344329833984375
757,423,0,0.017237359657883644
757,1379,0,0.015247181989252567
757,1544,0,0.011418880894780159
757,996,0,0.011245724745094776
757,736,0,0.010747388005256653
758,337,0,0.012774256058037281
758,1271,0,0.01052525732666254
758,1721,0,0.007773631252348423
758,1584,0,0.005190742667764425
758,3100,0,0.0049855588003993034
758,1500,0,0.004883220419287682
758,1653,0,0.004778784234076738
758,17,0,0.00473443791270256
758,1747,0,0.004240342415869236
758,1784,0,0.0041778418235480785
759,830,0,0.05122680589556694
759,169,0,0.018129922449588776
759,2335,0,0.016041692346334457
759,520,0,0.012686369009315968
759,1731,0,0.012384137138724327
759,1453,0,0.012026612646877766
759,2027,0,0.010353058576583862
759,586,0,0.010282212868332863
759,236,0,0.009515362791717052
759,355,0,0.009357764385640621
760,3948,0,0.008380966261029243
760,3564,0,0.008277235552668571
760,3512,0,0.008032405748963356
760,3720,0,0.007489117793738842
760,3951,0,0.007479182910174131
760,3911,0,0.006110111717134714
760,3318,0,0.0060099526308476925
760,2585,0,0.005980393849313259
760,3794,0,0.005648219492286444
760,3746,0,0.004934601951390505
761,2396,0,0.059261683374643326
761,2762,0,0.032420892268419266
761,2700,0,0.010745123028755188
761,2987,0,0.006353082600980997
761,2701,0,0.004142444115132093
761,34,0,0.0037550670094788074
761,3798,0,0.003137856023386121
761,2692,0,0.003002698766067624
761,1923,0,0.002739319112151861
761,2907,0,0.0026731411926448345
762,1370,0,0.02690962888300419
762,648,0,0.009543826803565025
762,1573,0,0.009342811070382595
762,2916,0,0.007265579421073198
762,733,0,0.007109890226274729
762,2353,0,0.007053440436720848
762,3555,0,0.006768874824047089
762,1580,0,0.006384731736034155
762,3753,0,0.00431122537702322
762,3623,0,0.0041622621938586235
763,994,0,0.007234945427626371
763,1084,0,0.004844031296670437
763,293,0,0.0030780246015638113
763,1617,0,0.0028355862013995647
763,608,0,0.0022388952784240246
763,34,0,0.0019434855785220861
763,2692,0,0.0018439769046381116
763,1230,0,0.0018134575802832842
763,296,0,0.001644630334340036
763,1252,0,0.0015562132466584444
764,2405,0,0.029207179322838783
764,2471,0,0.021234454587101936
764,1091,0,0.01676131971180439
764,2375,0,0.014566958881914616
764,2374,0,0.013143017888069153
764,1381,0,0.009921797551214695
764,2379,0,0.00929779652506113
764,2383,0,0.007259662263095379
764,2735,0,0.006864283699542284
764,3690,0,0.006716056261211634
765,318,0,0.012684347108006477
765,296,0,0.012657617218792439
765,2797,0,0.01197075191885233
765,1073,0,0.01036115176975727
765,1136,0,0.008807465434074402
765,2997,0,0.007413207087665796
765,3489,0,0.006484519224613905
765,3157,0,0.006259875372052193
765,1097,0,0.006223784293979406
765,2384,0,0.006157966330647469
766,1663,0,0.007265140302479267
766,2918,1,0.004706091713160276
766,2926,0,0.0039347386918962
766,1395,0,0.002656523836776614
766,2463,0,0.002561955014243722
766,2804,0,0.002096664858981967
766,1278,0,0.0017804662929847836
766,2423,0,0.0017122388817369938
766,2915,0,0.0017005845438688993
766,2144,0,0.00167255406267941
767,1805,0,0.034206025302410126
767,16,0,0.03229987993836403
767,1645,0,0.027752801775932312
767,1343,0,0.014979283325374126
767,1589,0,0.014395122416317463
767,350,0,0.01306789182126522
767,695,0,0.013012601993978024
767,1729,0,0.011977811343967915
767,1573,0,0.01135333813726902
767,2334,0,0.010983509011566639
768,3176,0,0.0011274389689788222
768,3147,0,0.0003367381286807358
768,2707,0,0.00032058884971775115
768,110,0,0.00031179399229586124
768,1,0,0.00028071884298697114
768,3081,0,0.00027121262974105775
768,2699,0,0.00024796088109724224
768,1223,0,0.0002463099081069231
768,3175,0,0.0002447156875859946
768,3157,0,0.0002323490916751325
769,3671,0,0.0019583459943532944
769,1962,0,0.0018594430293887854
769,2076,0,0.0017933460185304284
769,3341,0,0.0016858024755492806
769,924,0,0.0015812532510608435
769,2352,0,0.0013788009528070688
769,1272,0,0.0013695494271814823
769,2565,0,0.0013186336727812886
769,2791,0,0.001301341806538403
769,1263,0,0.001180193736217916
770,3481,0,0.01239046361297369
770,551,0,0.0052863555029034615
770,3159,0,0.0026656046975404024
770,3911,0,0.0022905238438397646
770,3624,0,0.0018632387509569526
770,2791,0,0.0017234466504305601
770,2160,0,0.0013943819794803858
770,3598,0,0.0013304281746968627
770,3300,0,0.0012976780999451876
770,2966,0,0.0012552536791190505
771,661,0,0.246585413813591
771,551,0,0.034739479422569275
771,3930,0,0.024176575243473053
771,3927,0,0.020534826442599297
771,2791,0,0.019062049686908722
771,1965,0,0.014752229675650597
771,3753,0,0.014486825093626976
771,2454,0,0.012998134829103947
771,2657,0,0.012276618741452694
771,1249,0,0.011558216996490955
772,880,0,0.029520047828555107
772,1831,0,0.022449232637882233
772,160,1,0.020596586167812347
772,2053,0,0.017696723341941833
772,405,0,0.013387865386903286
772,2807,0,0.010957170277833939
772,1037,0,0.006826795171946287
772,2448,0,0.006617558188736439
772,2701,0,0.006383951287716627
772,2722,0,0.005304704885929823
773,1240,0,0.013711570762097836
773,1199,0,0.00980380643159151
773,1097,0,0.005345243960618973
773,3702,0,0.004899854306131601
773,3471,0,0.004167299252003431
773,3527,0,0.004129525274038315
773,1206,0,0.004102254752069712
773,1214,0,0.003956829663366079
773,1653,0,0.0034046501386910677
773,924,0,0.0029291908722370863
774,3513,0,0.011202589608728886
774,3624,0,0.0059926267713308334
774,3555,0,0.005918106995522976
774,3481,0,0.0057176644913852215
774,3946,0,0.0032691899687051773
774,3916,0,0.0032246813643723726
774,3753,0,0.002936332719400525
774,3858,0,0.0029152899514883757
774,3952,0,0.002735996153205633
774,3328,0,0.002472112886607647
775,3624,0,0.0926300585269928
775,3513,0,0.016705553978681564
775,3793,0,0.01606941968202591
775,3565,0,0.015219430439174175
775,3316,0,0.011040949262678623
775,3578,0,0.009347322396934032
775,3863,0,0.008123321458697319
775,3617,0,0.005577449221163988
775,3452,0,0.005500234197825193
775,3536,0,0.005186302587389946
776,741,0,0.002823005197569728
776,3384,0,0.001980826025828719
776,1199,0,0.0019311138894408941
776,1374,0,0.001842176541686058
776,2600,0,0.0017779095796868205
776,2916,0,0.0014617908746004105
776,2987,0,0.0014320093905553222
776,32,0,0.0013651571935042739
776,2571,0,0.001311578555032611
776,2968,0,0.0011468530865386128
777,3623,0,0.003347798017784953
777,3744,0,0.0023867804557085037
777,3752,0,0.002133219037204981
777,1370,0,0.0016994484467431903
777,1608,0,0.001581140561029315
777,3513,0,0.0014484426937997341
777,648,0,0.0014321673661470413
777,2722,0,0.0013317089760676026
777,95,0,0.0012188412947580218
777,329,0,0.0010209477040916681
778,2194,0,0.0065644667483866215
778,1276,0,0.0065003312192857265
778,32,0,0.004807938821613789
778,3006,0,0.004749930929392576
778,2329,0,0.004114631097763777
778,2908,0,0.0038013639859855175
778,1079,0,0.0035764852073043585
778,1393,0,0.0035252857487648726
778,1358,0,0.0034803326707333326
778,2599,0,0.003272552276030183
779,3564,0,0.003201127517968416
779,3623,0,0.0017846019472926855
779,3408,0,0.0009739522356539965
779,3174,0,0.0008733016438782215
779,2333,0,0.0008415533229708672
779,913,0,0.000827001640573144
779,2580,0,0.0007320696022361517
779,3113,0,0.0007041761418804526
779,2318,0,0.0006758752861060202
779,2629,0,0.0005945001030340791
780,2807,0,0.08910761773586273
780,2389,0,0.021444911137223244
780,519,1,0.01299268938601017
780,546,0,0.012362845242023468
780,405,0,0.01223357580602169
780,2835,0,0.009757131338119507
780,2516,0,0.009190677665174007
780,1004,0,0.009094160981476307
780,181,0,0.009014934301376343
780,1497,0,0.008827443234622478
781,2194,0,0.027913477271795273
781,2000,0,0.021872932091355324
781,2872,0,0.021302705630660057
781,3793,0,0.017102176323533058
781,1261,0,0.015835076570510864
781,2571,0,0.014213129878044128
781,1954,0,0.013278432190418243
781,1580,0,0.012099752202630043
781,2990,0,0.011734004132449627
781,2947,0,0.010414009913802147
782,3624,0,0.04916830360889435
782,3354,1,0.023586172610521317
782,3409,0,0.013383499346673489
782,3316,0,0.010067210532724857
782,1544,0,0.009803267195820808
782,3515,0,0.009385890327394009
782,3452,0,0.009205545298755169
782,3594,0,0.008218388073146343
782,3623,0,0.0074416156858205795
782,3565,0,0.00688935024663806
783,673,1,0.03110857680439949
783,1920,0,0.021708643063902855
783,616,0,0.013765618205070496
783,2057,0,0.010621082969009876
783,653,0,0.010183906182646751
783,2142,0,0.009960522875189781
783,2092,0,0.009869907982647419
783,1029,0,0.009543675929307938
783,3489,0,0.009064593352377415
783,2,0,0.008970551192760468
784,2762,0,0.05304081365466118
784,50,0,0.032772261649370193
784,608,0,0.027359213680028915
784,293,0,0.014704502187669277
784,296,0,0.013870436698198318
784,2700,0,0.012175977230072021
784,866,0,0.011425353586673737
784,720,0,0.009522629901766777
784,994,0,0.008746698498725891
784,3176,0,0.007231313269585371
785,1499,0,0.015575309284031391
785,517,0,0.01396872941404581
785,169,0,0.008486270904541016
785,208,0,0.007838636636734009
785,1772,0,0.0065679242834448814
785,160,0,0.006490925792604685
785,1515,0,0.005569799337536097
785,1608,0,0.005427634809166193
785,420,0,0.005336215253919363
785,1556,0,0.004368420224636793
786,1371,0,0.07573622465133667
786,748,0,0.029173532500863075
786,2034,0,0.028244126588106155
786,1544,0,0.026688773185014725
786,788,0,0.02545453980565071
786,3704,0,0.021974198520183563
786,1373,0,0.020969847217202187
786,1375,0,0.016522644087672234
786,2641,0,0.01603127270936966
786,1876,0,0.015544488094747066
787,3481,0,0.02200811542570591
787,3301,0,0.020831599831581116
787,3617,0,0.019859924912452698
787,3578,0,0.01695217750966549
787,3793,0,0.013426323421299458
787,3484,0,0.010933266021311283
787,3717,0,0.010613689199090004
787,3316,0,0.010513195767998695
787,3852,0,0.009851254522800446
787,3300,0,0.009471992962062359
788,2664,0,0.02693091705441475
788,1998,0,0.019535845145583153
788,3802,0,0.01655052788555622
788,1199,0,0.009235567413270473
788,2010,0,0.009194782003760338
788,1077,0,0.0080347815528512
788,2579,0,0.0072447811253368855
788,1097,0,0.007091058883816004
788,1252,0,0.006825410295277834
788,3949,0,0.006381467450410128
789,2791,1,0.0041556344367563725
789,1394,0,0.0013284859014675021
789,2174,0,0.0012829310726374388
789,1288,0,0.001191442832350731
789,3424,0,0.001107190502807498
789,3210,0,0.0010480559431016445
789,3421,0,0.0010124164400622249
789,1265,0,0.0009614676819182932
789,1641,0,0.0007163186091929674
789,1136,0,0.0006937228608876467
790,1240,1,0.01493240986019373
790,32,0,0.011812654323875904
790,1200,0,0.006165799219161272
790,480,0,0.002844410017132759
790,1199,0,0.0027957139536738396
790,3471,0,0.002613956341519952
790,3702,0,0.00247369846329093
790,1097,0,0.002302394015714526
790,1584,0,0.0022313629742711782
790,924,0,0.0019285624148324132
791,169,0,0.02626912295818329
791,830,0,0.018881434574723244
791,1453,0,0.015597669407725334
791,1772,0,0.015096276998519897
791,542,0,0.011910887435078621
791,2875,0,0.007429440040141344
791,520,0,0.007385313510894775
791,2092,0,0.006897461600601673
791,355,0,0.00683557940647006
791,1592,0,0.006136206444352865
792,2021,0,0.013523141853511333
792,1396,0,0.01154959574341774
792,1127,0,0.010661641135811806
792,1376,0,0.010406145825982094
792,1527,0,0.0060236467979848385
792,1909,0,0.005602685268968344
792,2985,0,0.0053655365481972694
792,1748,0,0.00420986395329237
792,2407,0,0.003617475740611553
792,367,0,0.0036089543718844652
793,364,0,0.1060747355222702
793,594,0,0.03294159099459648
793,1282,0,0.031315527856349945
793,2139,0,0.02950991503894329
793,3675,0,0.02800251543521881
793,1012,0,0.020920097827911377
793,2099,0,0.020215950906276703
793,1029,0,0.01996731385588646
793,616,0,0.018319865688681602
793,3034,0,0.011806938797235489
794,1885,0,0.05288086459040642
794,1060,0,0.03891311213374138
794,1923,0,0.024601807817816734
794,3108,0,0.01938669942319393
794,1392,0,0.01743704453110695
794,235,0,0.015864666551351547
794,2396,0,0.015696939080953598
794,223,0,0.015239319764077663
794,1883,0,0.014625540934503078
794,2359,0,0.01433677040040493
795,3301,0,0.007410694379359484
795,2599,0,0.004866208881139755
795,3125,0,0.004030621610581875
795,3824,0,0.0039056516252458096
795,300,0,0.0033552064560353756
795,2997,0,0.00317796366289258
795,3454,0,0.0031070031691342592
795,1449,0,0.003065678756684065
795,3534,0,0.0029834711458534002
795,1885,0,0.002807335462421179
796,901,0,0.04783313348889351
796,3600,0,0.026647942140698433
796,1381,0,0.02099202573299408
796,3675,0,0.019533652812242508
796,616,0,0.01188339851796627
796,1088,0,0.009581404738128185
796,1029,0,0.009352580644190311
796,2781,0,0.008571650832891464
796,938,0,0.00694316579028964
796,2099,0,0.006808373145759106
797,222,0,0.02113133668899536
797,1453,0,0.019018713384866714
797,2146,0,0.01847204566001892
797,236,0,0.015360559336841106
797,852,0,0.014332383871078491
797,1735,0,0.013369586318731308
797,3528,0,0.01259433664381504
797,534,0,0.010370677337050438
797,361,0,0.009481953456997871
797,2145,0,0.009290910325944424
798,169,0,0.006760312709957361
798,239,0,0.004504011478275061
798,673,0,0.0034281443804502487
798,2092,0,0.0033801416866481304
798,2090,0,0.0032916604541242123
798,631,0,0.003149800468236208
798,1381,0,0.0025864928029477596
798,1474,0,0.002562744775786996
798,1772,0,0.0025171369779855013
798,60,0,0.002474188804626465
799,3863,0,0.021087607368826866
799,3328,0,0.0070797535590827465
799,3952,0,0.006778358016163111
799,3536,0,0.005505266133695841
799,3826,0,0.00524695310741663
799,3510,0,0.005082566291093826
799,3594,0,0.004350020084530115
799,3409,0,0.0041570039466023445
799,3879,0,0.0038431724533438683
799,3858,0,0.0036860709078609943
800,1888,0,0.0045390622690320015
800,2384,0,0.004335139412432909
800,2657,0,0.0038112227339297533
800,2312,0,0.00357625144533813
800,1381,0,0.0032110780011862516
800,901,0,0.0026237615384161472
800,2390,0,0.0022644277196377516
800,3536,0,0.002246689051389694
800,2081,0,0.0022145663388073444
800,1393,0,0.0021451502107083797
801,3704,0,0.00818593055009842
801,329,0,0.002328324830159545
801,1371,0,0.0020823401864618063
801,3698,0,0.001807968015782535
801,1527,0,0.0017647345084697008
801,2054,0,0.0017180651193484664
801,2009,0,0.001522030564956367
801,1909,0,0.0014150841161608696
801,788,0,0.0013175203930586576
801,2011,0,0.0012448072666302323
802,1029,0,0.05204487964510918
802,2687,0,0.034891530871391296
802,48,0,0.03446377441287041
802,783,0,0.029140567407011986
802,2092,0,0.01802290603518486
802,1919,0,0.01694905385375023
802,2096,0,0.01622326858341694
802,588,0,0.01432088203728199
802,2081,0,0.012661146000027657
802,1907,0,0.01185648050159216
803,2,0,0.00417489605024457
803,788,0,0.0018004410667344928
803,2054,0,0.00141049362719059
803,2021,0,0.0013385709607973695
803,3489,0,0.0012737700017169118
803,329,0,0.0012704604305326939
803,653,1,0.00125836709048599
803,2193,0,0.0009855090174824
803,60,0,0.0008536009700037539
803,1073,0,0.0008306438685394824
804,3911,1,0.003868423867970705
804,3948,0,0.002784034004434943
804,3952,0,0.0014353978913277388
804,3755,0,0.001073718536645174
804,3893,0,0.0009458910208195448
804,3555,0,0.0009198130574077368
804,3783,0,0.000839180254843086
804,3536,0,0.0007143178372643888
804,2858,0,0.000653702940326184
804,3515,0,0.0006240383954718709
805,195,0,0.05306195840239525
805,3,0,0.03724811598658562
805,2002,0,0.02678343467414379
805,586,0,0.019566504284739494
805,236,0,0.0190677959471941
805,2431,0,0.014733699150383472
805,830,0,0.011304623447358608
805,186,0,0.010388808324933052
805,520,0,0.009668347425758839
805,231,0,0.00914321094751358
806,1269,0,0.027432069182395935
806,3624,0,0.026779618114233017
806,2160,0,0.02019939012825489
806,3911,0,0.018282996490597725
806,1673,0,0.018105294555425644
806,3160,0,0.0177674051374197
806,3510,0,0.015573542565107346
806,551,0,0.01506018079817295
806,1965,0,0.01421109028160572
806,1261,0,0.013556205667555332
807,2096,0,0.0552864708006382
807,2394,0,0.030177731066942215
807,48,0,0.02937670610845089
807,2090,0,0.026939809322357178
807,2139,0,0.026458900421857834
807,616,0,0.023825345560908318
807,661,0,0.023188412189483643
807,783,0,0.015701664611697197
807,2800,0,0.012480850331485271
807,1032,0,0.012146475724875927
808,608,0,0.022949306294322014
808,2858,0,0.018052229657769203
808,36,0,0.009115654043853283
808,2028,0,0.007523173000663519
808,1393,0,0.007053855806589127
808,32,0,0.006250246427953243
808,2599,0,0.006180210039019585
808,150,0,0.005396479740738869
808,1411,0,0.003871334483847022
808,589,0,0.003761186497285962
809,3450,0,0.01783655770123005
809,252,0,0.011251972056925297
809,231,0,0.010064741596579552
809,339,0,0.009450622834265232
809,663,0,0.009265939705073833
809,586,0,0.008810381405055523
809,1888,0,0.008472141809761524
809,852,0,0.0070248981937766075
809,1020,0,0.00635774340480566
809,52,0,0.006162432953715324
810,1089,0,0.026256291195750237
810,1213,0,0.013022199273109436
810,32,0,0.012142053805291653
810,50,0,0.010957689955830574
810,3730,0,0.009647486731410027
810,2203,0,0.009327267296612263
810,3735,0,0.007865995168685913
810,3006,0,0.006932262796908617
810,1219,0,0.006750794593244791
810,1276,0,0.005990334786474705
811,318,0,0.01474939938634634
811,1089,0,0.005536186043173075
811,36,0,0.003369356971234083
811,1280,0,0.0018345790449529886
811,2289,0,0.001653336570598185
811,1719,0,0.0013976515037938952
811,50,0,0.0013453643769025803
811,32,0,0.0013085294049233198
811,34,0,0.0011437931098043919
811,2571,1,0.001138913445174694
812,3793,0,0.11825080215930939
812,3745,0,0.10656420141458511
812,3798,0,0.07377510517835617
812,3624,0,0.029758555814623833
812,3555,0,0.028425535187125206
812,3483,0,0.017061112448573112
812,3948,0,0.016378846019506454
812,3623,0,0.012844281271100044
812,3185,0,0.011316535994410515
812,3744,0,0.010744229890406132
813,2572,0,0.021147187799215317
813,2683,0,0.009514927864074707
813,2759,0,0.008776666596531868
813,3285,0,0.008019615896046162
813,2188,0,0.007279749494045973
813,69,0,0.006666193250566721
813,2390,0,0.006457187235355377
813,223,0,0.006030412390828133
813,125,0,0.005721304565668106
813,1449,0,0.005644667893648148
814,2005,0,0.06699107587337494
814,788,0,0.04358186572790146
814,1025,0,0.020660655573010445
814,2021,0,0.019211668521165848
814,2797,0,0.01640218123793602
814,2701,0,0.013514422811567783
814,1544,0,0.01278106402605772
814,653,0,0.012032024562358856
814,2,0,0.011935891583561897
814,2143,0,0.010738231241703033
815,2396,0,0.030049500986933708
815,2762,0,0.02987608313560486
815,3384,0,0.029558246955275536
815,2485,0,0.0231319572776556
815,3081,0,0.02053915150463581
815,3176,0,0.015935854986310005
815,2395,0,0.011987901292741299
815,2692,0,0.011372377164661884
815,2701,1,0.011004304513335228
815,2670,0,0.00755029171705246
816,1196,0,0.025893179699778557
816,1252,0,0.022504808381199837
816,1089,0,0.020688265562057495
816,1214,0,0.01886681653559208
816,2987,0,0.017488542944192886
816,6,0,0.01744433492422104
816,110,0,0.015595858916640282
816,541,0,0.012902685441076756
816,1240,0,0.009707475081086159
816,1299,0,0.00924608949571848
817,3249,0,0.03991362452507019
817,208,0,0.0370410718023777
817,517,0,0.023192614316940308
817,423,0,0.01927739381790161
817,1769,0,0.01772141456604004
817,2338,0,0.017447318881750107
817,95,0,0.01729075238108635
817,1644,0,0.01650194078683853
817,836,0,0.016395483165979385
817,1754,0,0.015375757589936256
818,832,0,0.01541460957378149
818,2353,1,0.011294430121779442
818,1343,0,0.010111100040376186
818,1370,0,0.006316310726106167
818,1466,0,0.005755436606705189
818,16,0,0.005611286498606205
818,493,0,0.005225742235779762
818,1573,0,0.005164205562323332
818,474,0,0.004913868382573128
818,2916,0,0.004146580584347248
819,608,0,0.05440971255302429
819,1213,0,0.018505478277802467
819,50,0,0.012914575636386871
819,903,0,0.012862766161561012
819,527,0,0.01259057130664587
819,858,0,0.011953989043831825
819,318,0,0.010424486361443996
819,3006,0,0.009836183860898018
819,1252,0,0.009670470841228962
819,2762,0,0.009587687440216541
820,3513,0,0.02383834682404995
820,3555,0,0.013988017104566097
820,3452,0,0.010846338234841824
820,3316,0,0.007315520662814379
820,3753,0,0.0046140216290950775
820,3300,0,0.0039331791922450066
820,3355,0,0.0032660141587257385
820,3752,0,0.003240772057324648
820,3863,0,0.003217394230887294
820,3744,0,0.0031687533482909203
821,3911,0,0.05191301926970482
821,3915,1,0.034816041588783264
821,3515,0,0.020844878628849983
821,3328,0,0.012912710197269917
821,3858,0,0.011567491106688976
821,3747,0,0.010970246978104115
821,3594,0,0.010094002820551395
821,3318,0,0.009447465650737286
821,3566,0,0.009178392589092255
821,3903,0,0.008737235330045223
822,3624,0,0.04753512889146805
822,3536,0,0.04689426347613335
822,3793,0,0.03087124228477478
822,3566,0,0.02073061652481556
822,3481,0,0.01941126212477684
822,3594,0,0.016639981418848038
822,3915,0,0.0164667796343565
822,3826,0,0.015724029392004013
822,3858,0,0.014621819369494915
822,3946,0,0.013708054088056087
823,1095,0,0.007993519306182861
823,2997,0,0.007938395254313946
823,337,0,0.004153628367930651
823,1358,0,0.003795074997469783
823,1719,0,0.0034842309542000294
823,2725,0,0.0031847248319536448
823,1041,0,0.003125938354060054
823,1354,0,0.0030300926882773638
823,538,0,0.002664376748725772
823,1729,0,0.002314423443749547
824,2948,0,0.004762279335409403
824,1376,0,0.0014086563605815172
824,589,0,0.0012118290178477764
824,1240,0,0.0006789678591303527
824,3702,0,0.0005672269035130739
824,3793,0,0.0004943337989971042
824,2194,0,0.0004927527625113726
824,2160,0,0.00045918175601400435
824,1201,0,0.0004497557529248297
824,2455,0,0.0003896551497746259
825,898,0,0.011424361728131771
825,3067,0,0.007796869613230228
825,1041,0,0.007612315937876701
825,3730,0,0.007551290560513735
825,916,0,0.007133191917091608
825,1213,0,0.005869772285223007
825,1228,0,0.005838886369019747
825,1221,0,0.005549314897507429
825,2132,0,0.005365761928260326
825,2935,0,0.0053090304136276245
826,3783,0,0.009135198779404163
826,3950,0,0.0032491639722138643
826,3952,0,0.003133324906229973
826,3556,0,0.0029893519822508097
826,3886,0,0.002298099221661687
826,3910,1,0.0020004017278552055
826,3858,0,0.0018085502088069916
826,2769,0,0.001657722401432693
826,3571,0,0.0015024276217445731
826,3752,0,0.0014831814914941788
827,1228,0,0.016453418880701065
827,1199,0,0.012931566685438156
827,1097,0,0.010671788826584816
827,1186,0,0.009063384495675564
827,1234,0,0.008632653392851353
827,3683,0,0.00813948456197977
827,1961,0,0.007783886510878801
827,3735,0,0.007766117341816425
827,3019,0,0.005669322796165943
827,3703,0,0.0051134140230715275
828,3249,0,0.0007326476625166833
828,1801,0,0.0003668860299512744
828,292,0,0.0003491568495519459
828,2431,0,0.00029403946246020496
828,2581,0,0.0002801225637085736
828,168,0,0.00027863477589562535
828,236,0,0.000252522382652387
828,3156,0,0.0002411010500509292
828,2875,0,0.00022939378686714917
828,491,0,0.00020660301379393786
829,898,0,0.02906278520822525
829,1234,0,0.011994976550340652
829,1280,0,0.011158177629113197
829,3468,0,0.009720592759549618
829,3334,0,0.008550895377993584
829,1952,0,0.007310554850846529
829,1299,0,0.006886837538331747
829,1230,0,0.006801199167966843
829,1276,0,0.006776996422559023
829,2788,0,0.006356355734169483
830,2634,0,0.01081384439021349
830,2455,0,0.00864974781870842
830,2781,0,0.005802197381854057
830,2459,0,0.00491220410913229
830,1347,0,0.004749588668346405
830,2657,0,0.0036449439357966185
830,1339,0,0.003027611644938588
830,3476,0,0.002963386243209243
830,968,0,0.002526878146454692
830,2160,0,0.0023567022290080786
831,1805,1,0.07342800498008728
831,22,0,0.018231239169836044
831,695,0,0.016956722363829613
831,1343,0,0.016626626253128052
831,1711,0,0.010880354791879654
831,832,0,0.009789046831429005
831,1754,0,0.009386646561324596
831,164,0,0.009115388616919518
831,1625,0,0.008977873250842094
831,16,0,0.008754688315093517
832,852,0,0.01784224808216095
832,1888,0,0.014076062478125095
832,1569,0,0.006639606785029173
832,500,0,0.006589103024452925
832,1958,0,0.005493917502462864
832,252,0,0.005361630581319332
832,2002,0,0.0050973654724657536
832,586,0,0.004358351230621338
832,195,0,0.004293970298022032
832,141,0,0.003967414144426584
833,2571,0,0.00450282683596015
833,3147,0,0.0023404969833791256
833,1584,0,0.0015293573960661888
833,110,0,0.0014934539794921875
833,1089,0,0.0010454031871631742
833,1610,0,0.0010112866293638945
833,589,0,0.0008553282241337001
833,1,0,0.0005240911850705743
833,1265,0,0.0005176718113943934
833,1213,0,0.0005069629405625165
834,539,0,0.008647355251014233
834,2497,0,0.0013160021044313908
834,852,0,0.0012140489416196942
834,252,0,0.0010586462449282408
834,587,0,0.0010324539616703987
834,11,0,0.0008791094878688455
834,7,0,0.0008746476378291845
834,356,0,0.0007857054006308317
834,802,0,0.000765677192248404
834,597,0,0.0007497689221054316
835,3032,0,0.008411006070673466
835,2533,0,0.004875754471868277
835,2009,0,0.0034584845416247845
835,2613,0,0.0033249538391828537
835,2530,0,0.002961927792057395
835,196,0,0.0028823455795645714
835,512,0,0.0028775171376764774
835,2553,0,0.002780685666948557
835,1347,0,0.002547246403992176
835,3708,0,0.002522820606827736
836,1474,0,0.02676711603999138
836,169,0,0.021670490503311157
836,3248,0,0.010457156226038933
836,1592,0,0.009974272921681404
836,1453,0,0.009027145802974701
836,2941,0,0.006719991564750671
836,1731,0,0.005790247116237879
836,1702,0,0.005688527133315802
836,374,0,0.005615453701466322
836,239,0,0.0053182984702289104
837,3007,0,0.003377184271812439
837,2997,0,0.0028539947234094143
837,1234,0,0.0028438919689506292
837,898,0,0.0013332802336663008
837,3543,0,0.0011124861193820834
837,3384,0,0.0009505729540251195
837,2324,0,0.0008217216236516833
837,3421,0,0.0006744735292159021
837,745,0,0.0006115179276093841
837,529,0,0.0005690463585779071
838,3794,0,0.0027381235267966986
838,3911,0,0.002044178545475006
838,3852,0,0.0016704436857253313
838,3948,0,0.0011843018000945449
838,3858,0,0.0011430743616074324
838,3328,0,0.0010328007629141212
838,3801,0,0.0009547884110361338
838,1998,0,0.0009425607859157026
838,3720,0,0.0008810061262920499
838,2940,0,0.0008750596316531301
839,2940,0,0.013672159984707832
839,1998,0,0.007875561714172363
839,1252,0,0.007285618223249912
839,3794,0,0.006373261101543903
839,3007,0,0.005868860054761171
839,2160,0,0.0053047435358166695
839,2360,0,0.004875170066952705
839,1261,0,0.004762003198266029
839,3499,0,0.004693417809903622
839,1997,0,0.0043793050572276115
840,3262,0,0.0317658968269825
840,3844,0,0.016450660303235054
840,3386,0,0.014897466637194157
840,1589,0,0.013622205704450607
840,800,0,0.012221590615808964
840,3948,0,0.011626936495304108
840,1252,0,0.009599410928785801
840,1625,0,0.009489556774497032
840,1783,0,0.009440168738365173
840,3145,0,0.008600852452218533
841,3911,0,0.03146447613835335
841,3948,0,0.030338840559124947
841,3893,0,0.027611292898654938
841,3354,0,0.018714457750320435
841,3316,0,0.01763990707695484
841,3484,0,0.017380477860569954
841,3565,0,0.014488855376839638
841,3594,0,0.01196576189249754
841,3915,0,0.011126432567834854
841,3536,0,0.01076498068869114
842,2961,0,0.06917077302932739
842,3793,0,0.043123338371515274
842,2841,0,0.03920987620949745
842,2702,0,0.038619548082351685
842,2806,0,0.029750123620033264
842,3157,0,0.017054853960871696
842,2763,0,0.01447739265859127
842,3081,0,0.01443409826606512
842,2692,0,0.014304831624031067
842,2907,0,0.013275736011564732
843,36,0,0.005955548956990242
843,2028,0,0.0029855372849851847
843,1393,0,0.0024635489098727703
843,1089,0,0.002390340669080615
843,2268,0,0.002271852223202586
843,337,0,0.0020457191858440638
843,1179,0,0.001907703117467463
843,2289,0,0.0018718881765380502
843,3418,0,0.0018166144145652652
843,3271,0,0.001545487903058529
844,2763,0,0.006501396652311087
844,733,0,0.002959899138659239
844,2990,0,0.002282873261719942
844,1597,0,0.0021886893082410097
844,3178,0,0.0016819644952192903
844,1754,0,0.0015421597054228187
844,1589,0,0.0014794160379096866
844,3793,0,0.001290712389163673
844,3262,0,0.0012832292122766376
844,1627,0,0.0011880205711349845
845,36,0,0.007228039670735598
845,2289,0,0.004364221356809139
845,296,1,0.003935981076210737
845,1,0,0.003153097117319703
845,223,0,0.0030856886878609657
845,3006,0,0.0029679774306714535
845,2706,0,0.002903255634009838
845,34,0,0.0023853564634919167
845,3246,0,0.002349917544052005
845,150,0,0.0020052390173077583
846,1073,0,0.0027528414502739906
846,3468,0,0.0008200040902011096
846,3396,0,0.0007150163874030113
846,2857,0,0.0007136614294722676
846,1282,0,0.000695267750415951
846,969,0,0.0005386795965023339
846,1127,0,0.0005054452922195196
846,898,0,0.00043568408000282943
846,942,0,0.00042544357711449265
846,2000,0,0.00040172215085476637
847,1641,0,0.023127513006329536
847,3039,0,0.019731100648641586
847,2791,0,0.01891089230775833
847,39,0,0.016895342618227005
847,45,0,0.016114449128508568
847,52,0,0.015481876209378242
847,3253,0,0.014947888441383839
847,1060,0,0.013714337721467018
847,1663,0,0.011695369146764278
847,125,0,0.010817557573318481
848,2194,0,0.005436102394014597
848,1090,0,0.005383551120758057
848,2000,0,0.0038373805582523346
848,1291,0,0.003120683366432786
848,32,0,0.003019014373421669
848,1079,0,0.0025451467372477055
848,6,0,0.0020533280912786722
848,1231,0,0.00195488054305315
848,1610,0,0.0019023804925382137
848,2791,0,0.001719669089652598
849,3753,1,0.002290155738592148
849,3328,0,0.0022445989307016134
849,3615,0,0.0018545335624366999
849,3536,0,0.0018240587087348104
849,3483,0,0.0011553593212738633
849,3948,0,0.0011277971789240837
849,3565,0,0.0010274284286424518
849,3408,0,0.000998548581264913
849,3566,0,0.0009511230164207518
849,3897,0,0.0008898365776985884
850,2807,0,0.02180367149412632
850,3511,0,0.017754826694726944
850,2516,0,0.01676779054105282
850,854,0,0.011328392662107944
850,1556,0,0.010314113460481167
850,1980,0,0.009519284591078758
850,1744,0,0.009018140845000744
850,1977,0,0.008963864296674728
850,3804,0,0.008423089049756527
850,2835,0,0.008367788046598434
851,1265,0,0.010210774838924408
851,364,0,0.008011644706130028
851,969,0,0.007215921301394701
851,1641,0,0.007062717340886593
851,1580,0,0.007022147998213768
851,3114,0,0.0069872308522462845
851,1136,0,0.006323077250272036
851,1220,0,0.005964580457657576
851,1077,0,0.004258096218109131
851,2987,0,0.003959013614803553
852,2797,0,0.01198404561728239
852,3308,0,0.011302662082016468
852,2791,0,0.007933126762509346
852,2926,0,0.007782560773193836
852,2407,0,0.006216603331267834
852,2100,0,0.005739395972341299
852,3526,0,0.005429619923233986
852,1968,0,0.005156416911631823
852,2144,0,0.004594573751091957
852,2716,0,0.0038279916625469923
853,181,0,0.03422018885612488
853,2380,0,0.017713423818349838
853,2412,0,0.015298422425985336
853,1839,0,0.010050838813185692
853,3401,0,0.008951306343078613
853,2835,0,0.007601266726851463
853,169,0,0.007318336516618729
853,405,0,0.007286044768989086
853,2088,0,0.007100846152752638
853,419,0,0.0069463616237044334
854,1589,0,0.02005579136312008
854,1120,0,0.017539286985993385
854,412,0,0.01241431012749672
854,805,0,0.012039127759635448
854,2231,0,0.011922505684196949
854,1729,0,0.011470558121800423
854,1682,0,0.011183582246303558
854,802,0,0.010301108472049236
854,1466,0,0.009704957716166973
854,1059,0,0.009580349549651146
855,1958,0,0.005128591321408749
855,2144,0,0.003860319731757045
855,141,0,0.003285676008090377
855,3614,0,0.0029181367717683315
855,1569,0,0.0025786443147808313
855,2111,0,0.0022029161918908358
855,1777,0,0.0021726901177316904
855,2424,0,0.0016287534963339567
855,543,0,0.001470391289331019
855,587,0,0.001458285842090845
856,3513,0,0.004553993232548237
856,3948,0,0.0023964866995811462
856,3624,0,0.0007139061344787478
856,3946,0,0.0006830667261965573
856,3555,0,0.0006507756188511848
856,3753,0,0.0005940470146015286
856,3785,0,0.0005567112239077687
856,3534,0,0.00046126797678880394
856,3916,0,0.0004359873419161886
856,3752,0,0.00041655200766399503
857,942,0,0.01592104509472847
857,1276,0,0.01334091741591692
857,918,0,0.011045205406844616
857,3467,0,0.009344007819890976
857,950,0,0.008953491225838661
857,928,0,0.0075906976126134396
857,3675,0,0.007582449354231358
857,922,0,0.007474351208657026
857,2565,0,0.00632092822343111
857,2940,0,0.006209489423781633
858,3675,0,0.010547690093517303
858,2565,0,0.0071466839872300625
858,2971,0,0.005991179961711168
858,899,0,0.005099843721836805
858,588,0,0.0047817351296544075
858,2018,0,0.00471033388748765
858,364,0,0.0035163038410246372
858,1028,0,0.0031427976209670305
858,938,0,0.0029824774246662855
858,969,0,0.0025721939746290445
859,891,0,0.013404123485088348
859,1975,0,0.012893558479845524
859,1998,0,0.012500585056841373
859,3918,0,0.010300391353666782
859,606,0,0.009598983451724052
859,2657,0,0.00913512334227562
859,3927,0,0.009027278982102871
859,2634,0,0.008770905435085297
859,2781,0,0.007990553043782711
859,3840,0,0.007785802707076073
860,1982,0,0.02928825095295906
860,1347,0,0.012225558049976826
860,1350,1,0.009543105959892273
860,3499,0,0.006565498653799295
860,2634,0,0.004680628422647715
860,1994,0,0.004480469506233931
860,2455,0,0.004365740809589624
860,2097,0,0.004284106194972992
860,1333,0,0.004082652740180492
860,2459,0,0.004005237482488155
861,3421,0,0.0363081619143486
861,318,0,0.024776114150881767
861,1221,0,0.021507710218429565
861,2396,0,0.014128000475466251
861,2858,0,0.01298388373106718
861,1136,0,0.011810106225311756
861,2804,0,0.011634035035967827
861,2174,0,0.011154680512845516
861,2599,0,0.010772407986223698
861,2683,0,0.008809049613773823
862,3948,0,0.034089867025613785
862,3826,0,0.031952593475580215
862,3646,0,0.03023671917617321
862,3852,0,0.024326490238308907
862,3564,0,0.02205853909254074
862,3824,0,0.02125038206577301
862,3901,0,0.016037847846746445
862,3511,0,0.015395848080515862
862,3946,0,0.014498393051326275
862,3865,0,0.014143446460366249
863,1370,0,0.033379144966602325
863,2115,0,0.013330867514014244
863,1376,0,0.011689345352351665
863,2353,0,0.009801730513572693
863,3527,0,0.008596115745604038
863,2763,0,0.006988449487835169
863,2529,0,0.006135295610874891
863,2194,0,0.005902105011045933
863,349,0,0.005869873333722353
863,1129,0,0.0058174412697553635
864,2390,0,0.004815544933080673
864,2881,0,0.0017170290229842067
864,1188,0,0.0016670400509610772
864,2336,0,0.0016608204459771514
864,1732,0,0.001395092229358852
864,1449,0,0.0012853337684646249
864,2599,0,0.0011669216910377145
864,2605,0,0.0009826930472627282
864,3179,0,0.0009688943973742425
864,1357,0,0.0008693437557667494
865,2289,0,0.024154774844646454
865,1449,0,0.023026535287499428
865,2324,0,0.01937411166727543
865,1060,0,0.01692614145576954
865,1230,0,0.015346309170126915
865,3421,0,0.015011277049779892
865,1136,0,0.012587045319378376
865,1923,0,0.012269538827240467
865,2359,0,0.011533014476299286
865,745,0,0.011029013432562351
866,3615,0,0.019152924418449402
866,788,0,0.01087960321456194
866,2085,0,0.009523500688374043
866,3483,0,0.006864775437861681
866,616,0,0.006684625055640936
866,1920,0,0.006609270814806223
866,1367,0,0.006503968499600887
866,1033,0,0.006225591525435448
866,2355,0,0.006165287457406521
866,1126,0,0.006148107349872589
867,1269,0,0.010140564292669296
867,1249,0,0.009776796214282513
867,661,0,0.00948092620819807
867,3481,0,0.006853945087641478
867,2948,0,0.004439861513674259
867,2454,0,0.0033403411507606506
867,144,0,0.003086883807554841
867,1580,0,0.002889506984502077
867,3450,0,0.002643601968884468
867,1673,0,0.0023484714329242706
868,2634,0,0.03541573882102966
868,1982,0,0.025665560737252235
868,891,0,0.023961283266544342
868,1998,0,0.02293398417532444
868,1347,0,0.020774686709046364
868,2614,0,0.020526830106973648
868,1407,0,0.019846800714731216
868,2119,0,0.019610976800322533
868,1977,0,0.01779724285006523
868,2121,0,0.01594526879489422
869,419,0,0.05523290857672691
869,370,0,0.02138647809624672
869,3248,0,0.01585770584642887
869,19,0,0.0131235271692276
869,1474,0,0.012587535195052624
869,429,0,0.011837160214781761
869,1839,0,0.011710465885698795
869,520,0,0.011474697850644588
869,374,0,0.010180212557315826
869,2383,0,0.009825440123677254
870,2100,0,0.0011974077206104994
870,2918,0,0.0010073772864416242
870,3072,0,0.0010059161577373743
870,3039,0,0.0008171562221832573
870,2872,0,0.0007004865910857916
870,3448,0,0.0006483846809715033
870,1967,0,0.0006214800523594022
870,1073,0,0.0006194392335601151
870,1097,0,0.0005501685664057732
870,3526,0,0.0005111151258461177
871,3176,0,0.020364191383123398
871,2700,0,0.017477603629231453
871,2701,0,0.012791071087121964
871,3384,0,0.012514455243945122
871,2396,0,0.011691918596625328
871,2961,0,0.010710297152400017
871,2763,0,0.008947269059717655
871,3157,0,0.008527453988790512
871,2806,0,0.00800270400941372
871,2702,0,0.007757814135402441
872,3007,0,0.01100966427475214
872,1252,0,0.00987105630338192
872,32,0,0.009598368778824806
872,3147,0,0.007898968644440174
872,3176,0,0.007469010539352894
872,3175,0,0.007453857455402613
872,364,0,0.007028788793832064
872,3386,0,0.006832989864051342
872,3189,0,0.006562610622495413
872,2987,0,0.006297856103628874
873,927,0,0.019842982292175293
873,1264,0,0.014474869705736637
873,1938,0,0.012174338102340698
873,3111,0,0.009857753291726112
873,2969,0,0.00823806319385767
873,1946,0,0.00806250050663948
873,1962,0,0.0072172158397734165
873,1935,0,0.006824841722846031
873,1292,0,0.006731304805725813
873,1944,0,0.006482810713350773
874,1333,1,0.030201705172657967
874,1982,0,0.010724137537181377
874,2654,0,0.007863231934607029
874,1340,0,0.004102258011698723
874,1997,0,0.003477050457149744
874,2716,0,0.0033197535667568445
874,1214,0,0.003042325610294938
874,1350,0,0.0029497735667973757
874,1345,0,0.002895629033446312
874,2784,0,0.002840474247932434
875,3285,0,0.020230140537023544
875,2976,0,0.020006172358989716
875,3146,0,0.019076447933912277
875,3301,0,0.01292896643280983
875,2600,0,0.01241028681397438
875,2699,0,0.011804582551121712
875,3156,0,0.009422066621482372
875,3483,0,0.008758803829550743
875,3145,0,0.008323723450303078
875,2706,0,0.008169959299266338
876,1589,0,0.01978880725800991
876,1805,0,0.01954900287091732
876,1092,0,0.007123766932636499
876,1422,0,0.005756181199103594
876,695,0,0.005626283120363951
876,1783,0,0.005580859258770943
876,350,0,0.004792400635778904
876,1711,0,0.003004784695804119
876,1892,0,0.002595547353848815
876,1343,0,0.0025532925501465797
877,3513,0,0.010553767904639244
877,3755,0,0.007945689372718334
877,3745,0,0.0067882658913731575
877,3481,0,0.004993955604732037
877,3615,0,0.004570043180137873
877,3744,0,0.003940138500183821
877,3301,0,0.0034532868303358555
877,3409,1,0.002431596163660288
877,3751,0,0.0021148480009287596
877,3510,0,0.002071817871183157
878,3555,0,0.016922153532505035
878,3798,0,0.01532264519482851
878,3273,0,0.009152558632194996
878,3452,0,0.008543835952877998
878,3624,0,0.007819551043212414
878,3717,0,0.007574131246656179
878,3744,0,0.00700797326862812
878,3513,0,0.005141891073435545
878,3536,0,0.004796391353011131
878,3190,0,0.004794877488166094
879,899,0,0.016293806955218315
879,950,0,0.009712418541312218
879,1282,0,0.007988451980054379
879,1269,0,0.006125475279986858
879,910,0,0.005655618850141764
879,154,0,0.005502060987055302
879,930,0,0.005444737151265144
879,3097,0,0.005352442152798176
879,2565,0,0.004865770228207111
879,3061,0,0.004802114330232143
880,160,0,0.0569765605032444
880,2422,0,0.04484841227531433
880,2408,0,0.03172720596194267
880,3401,0,0.0224926695227623
880,2162,0,0.017260568216443062
880,2471,0,0.017155630514025688
880,1591,0,0.016593122854828835
880,3698,0,0.014428066089749336
880,1373,0,0.013831552118062973
880,1606,0,0.01127651333808899
881,2174,0,0.05465955659747124
881,2352,0,0.04214617237448692
881,3421,0,0.028949836269021034
881,2997,0,0.02034333162009716
881,2804,0,0.01968604512512684
881,3210,0,0.019003653898835182
881,3526,0,0.013823923654854298
881,1188,0,0.013732475228607655
881,1060,0,0.013686754740774632
881,1285,0,0.013259485363960266
882,2807,0,0.00530206086114049
882,880,0,0.0050989375449717045
882,1779,0,0.004521789029240608
882,1862,0,0.004296703264117241
882,1371,0,0.003928386606276035
882,2053,0,0.0036116987466812134
882,405,0,0.003540158737450838
882,519,0,0.0026402694638818502
882,160,0,0.002317646751180291
882,2450,0,0.0021498806308954954
883,3300,0,0.023550264537334442
883,3354,0,0.016620466485619545
883,3513,0,0.014857194386422634
883,3535,0,0.01419843640178442
883,1544,0,0.009624171070754528
883,3594,0,0.008912064135074615
883,3745,0,0.0073141916655004025
883,3510,0,0.006837167777121067
883,3452,0,0.006274182815104723
883,3565,0,0.005929658189415932
884,36,0,0.008753428235650063
884,2762,0,0.006413486786186695
884,1704,0,0.004747659899294376
884,32,0,0.0029699106235057116
884,3006,0,0.0025975487660616636
884,2329,0,0.002351474016904831
884,2997,0,0.0016230943147093058
884,593,0,0.001524372142739594
884,1089,0,0.001461546402424574
884,1682,0,0.0013630855828523636
885,3702,0,0.02142532728612423
885,2916,0,0.005949388258159161
885,1301,0,0.004919548984616995
885,2968,0,0.004673531278967857
885,1200,0,0.004264512099325657
885,2571,0,0.003595880698412657
885,3703,0,0.0035590394400060177
885,1527,0,0.0033939548302441835
885,741,0,0.0033307084813714027
885,3471,0,0.003308727638795972
886,3515,0,0.0220447089523077
886,3624,0,0.02067630924284458
886,3481,0,0.019519973546266556
886,3858,0,0.014402777887880802
886,3566,0,0.012519187293946743
886,3615,0,0.009783973917365074
886,3571,0,0.009633660316467285
886,3747,0,0.008261580020189285
886,3555,0,0.00805006455630064
886,3300,0,0.007216454949229956
887,3468,0,0.003285373095422983
887,1230,0,0.0013318781275302172
887,2028,0,0.0013307842891663313
887,110,0,0.0011511833872646093
887,1225,0,0.0010929062264040112
887,969,0,0.0008929466712288558
887,2858,0,0.0007898427429609001
887,1228,0,0.0007126450072973967
887,1207,0,0.0007105009281076491
887,1256,0,0.00065589853329584
888,3513,0,0.022416383028030396
888,3146,0,0.02099212445318699
888,3316,0,0.017171179875731468
888,1772,0,0.015005120076239109
888,3948,0,0.0117227453738451
888,3555,0,0.011282307095825672
888,3785,0,0.01099412515759468
888,1556,0,0.010038447566330433
888,3751,0,0.009997504763305187
888,3752,0,0.009765373542904854
889,1981,0,0.04054449498653412
889,3840,0,0.030294107273221016
889,1326,0,0.02493240125477314
889,1985,0,0.023147758096456528
889,2614,0,0.02164469100534916
889,2279,0,0.017860114574432373
889,3017,0,0.01678730733692646
889,1980,0,0.016026919707655907
889,2113,0,0.013717783614993095
889,1977,0,0.011512106284499168
890,1772,0,0.020115841180086136
890,169,0,0.015393593348562717
890,2053,0,0.014368152245879173
890,3248,0,0.011380249634385109
890,181,0,0.009556043893098831
890,1359,0,0.009476525709033012
890,673,0,0.008402176201343536
890,830,0,0.008303944021463394
890,355,0,0.0072565386071801186
890,1863,0,0.006693581584841013
891,832,0,0.02483995258808136
891,587,0,0.022185005247592926
891,266,0,0.019906815141439438
891,2803,0,0.017066070809960365
891,1682,0,0.012913992628455162
891,292,0,0.012851463630795479
891,163,0,0.009960885159671307
891,555,0,0.008643691428005695
891,1094,0,0.008300195448100567
891,3107,0,0.00819055363535881
892,541,0,0.0034308277536183596
892,1230,0,0.0033411295153200626
892,589,0,0.002886634087190032
892,2571,0,0.002662244252860546
892,1965,0,0.00227179448120296
892,1206,0,0.0016709996853023767
892,750,0,0.001511294161900878
892,1090,0,0.0013946621911600232
892,1199,0,0.0013234034413471818
892,111,0,0.0008772972505539656
893,3826,0,0.03359512239694595
893,3316,0,0.02825942076742649
893,3793,0,0.023912830278277397
893,3484,0,0.02306225895881653
893,3821,0,0.020988933742046356
893,3624,0,0.01800018921494484
893,3299,0,0.014451859518885612
893,3273,0,0.012804456986486912
893,3825,0,0.01224586647003889
893,3615,0,0.011546771042048931
894,2000,0,0.005501746200025082
894,3104,0,0.0041871690191328526
894,3793,0,0.0027942543383687735
894,1210,0,0.0017130527412518859
894,2916,0,0.0017061788821592927
894,1610,0,0.001410293742083013
894,2872,0,0.0013908430701121688
894,1090,0,0.001039139344356954
894,1220,0,0.0010264837183058262
894,3702,0,0.001006441074423492
895,2384,0,0.008062778040766716
895,597,0,0.006125081330537796
895,104,0,0.005545607767999172
895,3614,0,0.0038520479574799538
895,852,0,0.0036870811600238085
895,1569,0,0.003399144858121872
895,1777,0,0.003315254347398877
895,3253,0,0.0031847464852035046
895,2390,0,0.0031137396581470966
895,2302,0,0.0027979074511677027
896,3646,0,0.05263834446668625
896,3911,0,0.03500936180353165
896,3511,0,0.031450770795345306
896,3946,0,0.023592611774802208
896,3316,0,0.022627921774983406
896,3484,0,0.021778998896479607
896,3513,0,0.019225342199206352
896,3821,0,0.017843063920736313
896,3793,0,0.013922668993473053
896,3615,0,0.013648816384375095
897,3578,0,0.021249648183584213
897,3513,0,0.020111098885536194
897,3298,0,0.018894890323281288
897,3863,0,0.01718457043170929
897,3555,0,0.015348630957305431
897,3785,0,0.014004305936396122
897,3946,0,0.011324912309646606
897,3717,0,0.010389138013124466
897,3624,0,0.009081391617655754
897,3301,0,0.00841305498033762
898,1214,0,0.008701208978891373
898,2571,0,0.006788001861423254
898,1200,0,0.004281037021428347
898,457,0,0.00406597089022398
898,1242,0,0.003585189813748002
898,1240,0,0.002266504103317857
898,2944,0,0.0017989485058933496
898,589,0,0.0017899743979796767
898,1291,0,0.0013838275335729122
898,110,0,0.0013636770891025662
899,3948,0,0.020244909450411797
899,3513,0,0.014119536615908146
899,3510,0,0.008431144058704376
899,3858,0,0.007305944338440895
899,3911,0,0.006421644706279039
899,3624,0,0.006125650834292173
899,3536,0,0.0054015545174479485
899,3512,0,0.004823723807930946
899,3566,0,0.004775500390678644
899,3752,0,0.004526253789663315
900,3176,1,0.07156676054000854
900,3081,0,0.06807723641395569
900,2841,0,0.03954557701945305
900,3384,0,0.034574370831251144
900,2702,0,0.024845600128173828
900,2700,0,0.022927597165107727
900,3157,0,0.01655719429254532
900,2840,0,0.016493117436766624
900,3273,0,0.01589903049170971
900,2763,0,0.010090403258800507
901,3565,0,0.06812954694032669
901,3555,0,0.051861051470041275
901,1965,0,0.04050968959927559
901,70,0,0.026820823550224304
901,3300,0,0.022787701338529587
901,1544,0,0.018657216802239418
901,3566,0,0.015246852301061153
901,144,0,0.01363560650497675
901,3173,0,0.013523662462830544
901,3513,0,0.013270624913275242
902,2734,0,0.06136181205511093
902,3384,0,0.037134114652872086
902,2394,0,0.025056015700101852
902,3081,0,0.015706174075603485
902,2093,0,0.014971407130360603
902,3219,0,0.012629318982362747
902,24,0,0.010746491141617298
902,2070,1,0.009956372901797295
902,2762,0,0.008531569503247738
902,3176,0,0.007369500584900379
903,3176,0,0.01831783913075924
903,2702,0,0.013478150591254234
903,2485,0,0.009385479614138603
903,3273,0,0.006308346521109343
903,2701,0,0.005558989476412535
903,2693,0,0.005268945824354887
903,2396,0,0.004240845330059528
903,2961,0,0.00417582830414176
903,2841,0,0.004171449691057205
903,2692,0,0.0041167959570884705
904,1711,0,0.030351480469107628
904,2338,0,0.02196997031569481
904,22,0,0.013860859908163548
904,89,0,0.011742341332137585
904,427,0,0.010923683643341064
904,170,0,0.010860920883715153
904,1422,0,0.010267073288559914
904,640,0,0.009955017827451229
904,1801,0,0.009423335082828999
904,695,0,0.008872015401721
905,1729,0,0.006681954953819513
905,1678,0,0.0064486791379749775
905,515,0,0.0040950290858745575
905,337,0,0.0040899841114878654
905,2282,0,0.0040008253417909145
905,1357,0,0.003564295591786504
905,17,0,0.0031800714787095785
905,150,0,0.0028640057425945997
905,1245,0,0.002857449697330594
905,1682,0,0.0028171560261398554
906,3534,0,0.047373585402965546
906,3005,0,0.022048618644475937
906,3510,0,0.014483070932328701
906,2694,0,0.014227494597434998
906,2053,0,0.013154655694961548
906,3408,0,0.011032944545149803
906,260,0,0.010376048274338245
906,317,0,0.010067923925817013
906,3615,0,0.009496803395450115
906,2827,0,0.008170930668711662
907,1212,0,0.007230991963297129
907,3435,0,0.005707380827516317
907,903,0,0.0031735184602439404
907,904,0,0.0030687625985592604
907,1219,0,0.0017165165627375245
907,942,0,0.0015371222980320454
907,950,0,0.0015363293932750821
907,750,0,0.0015140239847823977
907,1945,0,0.0013030709233134985
907,1248,0,0.0012636494357138872
908,3264,0,0.025209598243236542
908,2617,0,0.014033496379852295
908,382,0,0.013739311136305332
908,1339,0,0.01368228904902935
908,366,0,0.011861343868076801
908,724,0,0.010382475331425667
908,1974,0,0.009763921611011028
908,1320,0,0.009534885175526142
908,2121,0,0.009172456339001656
908,1544,0,0.007995331659913063
909,3555,0,0.044470302760601044
909,3300,0,0.024345530197024345
909,3624,0,0.019510388374328613
909,3753,0,0.014805188402533531
909,3316,0,0.00810424517840147
909,3409,0,0.007800818420946598
909,1544,0,0.006427701562643051
909,3755,1,0.006232395768165588
909,3946,0,0.005861470475792885
909,3594,0,0.0052648065611720085
910,2941,0,0.026528745889663696
910,364,0,0.0195721834897995
910,616,0,0.01523529551923275
910,2141,0,0.014614792540669441
910,3675,0,0.014322101138532162
910,1474,0,0.011539794504642487
910,783,0,0.011538336053490639
910,2081,0,0.011188913136720657
910,1381,0,0.009926170110702515
910,1772,0,0.009760200046002865
911,3869,0,0.002380262827500701
911,2188,0,0.0022727358154952526
911,231,0,0.0017143146833404899
911,586,0,0.0015544075286015868
911,3614,0,0.0013295075623318553
911,2699,0,0.0011275510769337416
911,1453,0,0.001024817698635161
911,999,0,0.0008828547433950007
911,208,0,0.0007886159582994878
911,339,0,0.0007300217403098941
912,3793,0,0.005205240100622177
912,3396,0,0.002726188628003001
912,592,0,0.0027132276445627213
912,2000,0,0.002433363813906908
912,1197,0,0.002047221874818206
912,3479,0,0.0018039053538814187
912,1230,0,0.0017300257459282875
912,1231,0,0.0016983940731734037
912,3153,0,0.0016474206931889057
912,1198,0,0.0014854824403300881
913,434,0,0.020996909588575363
913,1562,0,0.019431639462709427
913,2002,0,0.01342584565281868
913,1499,0,0.010188749060034752
913,168,0,0.008917824365198612
913,3441,0,0.008348003961145878
913,2405,0,0.007251073606312275
913,1196,0,0.006967183668166399
913,1221,0,0.00612750044092536
913,95,0,0.005383493844419718
914,942,0,0.012245374731719494
914,913,0,0.004977776203304529
914,1282,0,0.00391465425491333
914,2940,0,0.00355660286732018
914,898,0,0.003444792004302144
914,745,0,0.0031102069187909365
914,2987,0,0.0030649923719465733
914,922,0,0.002346180845052004
914,3751,0,0.0021011873614042997
914,3435,0,0.0017861556261777878
915,208,0,0.009562596678733826
915,423,0,0.008147434331476688
915,1438,0,0.0070586055517196655
915,1769,0,0.0065811011008918285
915,2002,0,0.005553927272558212
915,168,0,0.00437867920845747
915,736,0,0.004018067382276058
915,1499,0,0.003959741443395615
915,836,0,0.003900917712599039
915,1792,0,0.003845103085041046
916,2144,0,0.03876305744051933
916,3552,1,0.017663009464740753
916,1965,0,0.012715845368802547
916,3039,0,0.011813092976808548
916,1968,0,0.008763725869357586
916,3308,0,0.008087070658802986
916,2926,0,0.008038662374019623
916,1663,0,0.007802268490195274
916,3360,0,0.006812071427702904
916,1962,0,0.00553479790687561
917,3176,0,0.024820180609822273
917,296,0,0.020267080515623093
917,2762,0,0.01848309300839901
917,2391,0,0.015664158388972282
917,3798,0,0.01551093440502882
917,3793,0,0.009696396067738533
917,2987,0,0.008775783702731133
917,3300,0,0.008221226744353771
917,3273,0,0.008105513639748096
917,3593,0,0.0070185586810112
918,169,0,0.04408426210284233
918,1772,0,0.02340921387076378
918,2092,0,0.019738880917429924
918,3248,0,0.016850316897034645
918,1702,0,0.01595878042280674
918,1453,0,0.011328110471367836
918,48,0,0.010674753226339817
918,413,0,0.009848905727267265
918,19,0,0.009558161720633507
918,2485,0,0.009526938199996948
919,2657,0,0.03591959923505783
919,3927,0,0.03212594985961914
919,3917,0,0.026478230953216553
919,2455,0,0.024244634434580803
919,1965,0,0.02194667048752308
919,3675,0,0.020125333219766617
919,3484,0,0.018245957791805267
919,1261,0,0.01706419326364994
919,551,0,0.016938384622335434
919,144,0,0.01688588596880436
920,2393,0,0.037235815078020096
920,1544,0,0.032338421791791916
920,2021,0,0.024629050865769386
920,748,0,0.020144959911704063
920,1373,0,0.01747429184615612
920,160,0,0.014487802051007748
920,788,0,0.014411266893148422
920,1371,0,0.01342556718736887
920,442,0,0.011787298135459423
920,1876,0,0.011418634094297886
921,3793,0,0.017966946586966515
921,3911,0,0.010002213530242443
921,3624,0,0.007180985063314438
921,3753,0,0.006765348836779594
921,3555,0,0.006410809699445963
921,3513,0,0.005594399757683277
921,3408,0,0.004507889039814472
921,3827,0,0.003772174473851919
921,3623,0,0.0030581606552004814
921,3617,0,0.0028918359894305468
922,3812,0,0.006930166855454445
922,3481,0,0.004531045909970999
922,1333,0,0.003814668394625187
922,915,0,0.003618635004386306
922,1964,0,0.0035913020838052034
922,3948,0,0.0035595872905105352
922,3341,0,0.003458394668996334
922,1059,0,0.0034437261056154966
922,3943,0,0.003299131290987134
922,3911,0,0.0031891842372715473
923,1569,0,0.09237765520811081
923,1732,0,0.026556534692645073
923,339,0,0.026029253378510475
923,252,0,0.02555752918124199
923,224,0,0.017064712941646576
923,2572,0,0.0168945100158453
923,7,0,0.01586240343749523
923,2671,0,0.01556966733187437
923,45,0,0.014496466144919395
923,3614,0,0.014308665879070759
924,1643,0,0.04802319407463074
924,1059,0,0.018559273332357407
924,3097,0,0.01781127043068409
924,2565,0,0.012230683118104935
924,933,0,0.009854946285486221
924,915,0,0.009456396102905273
924,2919,0,0.008946218527853489
924,898,0,0.007745951414108276
924,534,0,0.00748886214569211
924,3684,0,0.007234228774905205
925,236,0,0.051652006804943085
925,539,0,0.03586987778544426
925,1057,0,0.028173081576824188
925,1569,0,0.027213945984840393
925,224,0,0.02251599356532097
925,222,0,0.021740417927503586
925,7,0,0.016762875020503998
925,468,0,0.014001084491610527
925,1101,0,0.013323627412319183
925,1088,0,0.01237860694527626
926,364,0,0.0282118022441864
926,1029,0,0.02420402131974697
926,616,0,0.017950033769011497
926,3675,0,0.013548782095313072
926,2096,0,0.009071207605302334
926,596,0,0.007654952816665173
926,1022,0,0.007617367897182703
926,783,0,0.007495447061955929
926,1566,0,0.0073791807517409325
926,1907,0,0.006648943293839693
927,1888,0,0.022553153336048126
927,691,0,0.01821257919073105
927,1453,0,0.017590899020433426
927,1353,0,0.016833437606692314
927,195,0,0.015987221151590347
927,46,0,0.015069485642015934
927,2325,0,0.013739267364144325
927,292,0,0.012175984680652618
927,1835,0,0.011293694376945496
927,3,0,0.010451196692883968
928,2390,0,0.05954236909747124
928,3174,0,0.020119672641158104
928,1794,0,0.010337591171264648
928,1641,0,0.008754811249673367
928,125,0,0.008049407973885536
928,2725,0,0.007683252915740013
928,1678,0,0.00754547119140625
928,1732,0,0.006849266123026609
928,2395,0,0.006153253372758627
928,1449,0,0.00571577250957489
929,3316,0,0.00751750310882926
929,2412,0,0.0051582385785877705
929,2719,0,0.004468551836907864
929,1556,0,0.004412866663187742
929,169,0,0.0039680115878582
929,1981,0,0.0037954060826450586
929,427,0,0.003601106582209468
929,3452,0,0.003570483298972249
929,3764,0,0.003143895650282502
929,181,0,0.0030397973023355007
930,3536,0,0.02344861440360546
930,3858,0,0.018236834555864334
930,3911,0,0.015613398514688015
930,3624,0,0.01289961114525795
930,3794,0,0.010050415061414242
930,3948,0,0.009110203012824059
930,3783,0,0.009022374637424946
930,3785,0,0.008934272453188896
930,3513,0,0.008043856360018253
930,3793,0,0.0073374612256884575
931,898,0,0.003642156021669507
931,2863,0,0.0011907932348549366
931,2080,0,0.0011001464445143938
931,2020,1,0.001040685223415494
931,3358,0,0.0008514879737049341
931,265,0,0.000810762052424252
931,608,0,0.0007658693939447403
931,3668,0,0.0007110656006261706
931,846,0,0.0006909020594321191
931,1357,0,0.0006165326340124011
932,608,0,0.006495721638202667
932,1089,0,0.005984021816402674
932,110,0,0.005828988738358021
932,318,0,0.0055257962085306644
932,1041,0,0.004560262430459261
932,1280,0,0.003375997766852379
932,50,0,0.0025053771678358316
932,36,1,0.0021525444462895393
932,3006,0,0.0016856614965945482
932,2396,0,0.0016342004528269172
933,531,0,0.009284643456339836
933,1393,0,0.006959343794733286
933,1271,0,0.005579748190939426
933,802,0,0.004393170587718487
933,3100,0,0.003839819459244609
933,1784,0,0.00371385901235044
933,350,0,0.003007531864568591
933,1914,0,0.002360283164307475
933,1721,0,0.0023511697072535753
933,337,0,0.0022310682106763124
934,3946,0,0.01505350973457098
934,3513,0,0.010911502875387669
934,3316,0,0.008453515358269215
934,3948,0,0.00824812799692154
934,1004,0,0.005819776561111212
934,3598,0,0.004772348329424858
934,3900,0,0.004704967141151428
934,1388,0,0.004412427078932524
934,1556,0,0.004398304969072342
934,3851,0,0.004238075576722622
935,2902,0,0.015489403158426285
935,2312,0,0.014469332061707973
935,2523,0,0.014332912862300873
935,2420,0,0.011765765957534313
935,1388,0,0.008921823464334011
935,1998,0,0.008603936061263084
935,3859,0,0.008500056341290474
935,3949,0,0.00820306595414877
935,3804,0,0.007196275517344475
935,3948,0,0.006490855012089014
936,169,0,0.009129134006798267
936,2720,0,0.006053156219422817
936,2906,0,0.005678350105881691
936,1772,0,0.004711925983428955
936,2881,0,0.004555362742394209
936,3262,0,0.004400382749736309
936,3157,0,0.004253747407346964
936,2485,0,0.004099003504961729
936,2719,0,0.0038839371409267187
936,3752,0,0.0037014323752373457
937,1876,0,0.04302937164902687
937,1608,0,0.0401967391371727
937,292,0,0.01401633769273758
937,517,0,0.01079369056969881
937,208,0,0.010042271576821804
937,70,0,0.009100941941142082
937,832,0,0.00840499997138977
937,1754,0,0.007631248794496059
937,2616,0,0.006288466043770313
937,996,0,0.005956122186034918
938,3555,0,0.05627567693591118
938,3300,0,0.04088950902223587
938,3897,0,0.037945330142974854
938,3536,0,0.035310614854097366
938,3301,0,0.030974211171269417
938,3354,0,0.029329176992177963
938,3793,0,0.022659756243228912
938,3565,1,0.020240221172571182
938,3916,0,0.01793830655515194
938,3911,0,0.016821589320898056
939,2352,0,0.04115251824259758
939,2000,1,0.027487901970744133
939,3210,0,0.02558167092502117
939,2791,0,0.021175159141421318
939,2243,0,0.019711986184120178
939,2020,0,0.019024403765797615
939,3526,0,0.01831766590476036
939,2248,0,0.014818092808127403
939,1079,0,0.011707473546266556
939,3684,0,0.00981040857732296
940,3157,0,0.028842665255069733
940,2763,1,0.014087631367146969
940,2700,0,0.012611450627446175
940,2485,0,0.011836599558591843
940,3176,0,0.011610835790634155
940,2692,0,0.00793382152915001
940,3384,0,0.007561052683740854
940,2961,0,0.007141136564314365
940,2806,0,0.006072273477911949
940,3273,0,0.0035642865113914013
941,2710,0,0.007385398261249065
941,2770,0,0.004367553163319826
941,223,0,0.003995420876890421
941,2976,0,0.002803829498589039
941,3005,0,0.0022982608061283827
941,2355,0,0.0022500320337712765
941,3016,0,0.002064790576696396
941,3516,0,0.0019652836490422487
941,2694,0,0.0018954360857605934
941,2147,0,0.0011376776965335011
942,1271,0,0.008713433519005775
942,150,0,0.00538673996925354
942,1704,0,0.004126815591007471
942,515,0,0.004076213575899601
942,2291,0,0.004027817398309708
942,1914,0,0.0037048179656267166
942,1466,0,0.003390948986634612
942,1183,0,0.0033663352951407433
942,529,0,0.0030738443601876497
942,1923,0,0.002596791135147214
943,1393,0,0.029833020642399788
943,1704,0,0.024966996163129807
943,1682,0,0.024394022300839424
943,110,0,0.020620789378881454
943,1089,0,0.020534981042146683
943,3147,0,0.018492942675948143
943,337,0,0.013651572167873383
943,3252,0,0.009329383261501789
943,457,0,0.00851042103022337
943,3510,0,0.00793122686445713
944,608,1,0.04070873558521271
944,1617,0,0.036454103887081146
944,1089,0,0.012719588354229927
944,3176,0,0.005671082530170679
944,593,0,0.004327844828367233
944,2391,0,0.004064139444380999
944,1213,0,0.0030895883683115244
944,3147,0,0.002624512417241931
944,2396,0,0.002520656445994973
944,1358,0,0.0025192159228026867
945,2702,0,0.003805752843618393
945,3384,0,0.003130906028673053
945,2692,0,0.002485716249793768
945,3176,0,0.002060126978904009
945,2395,0,0.0020137885585427284
945,2396,0,0.0018380202818661928
945,2840,0,0.001811574911698699
945,2485,0,0.0017411115113645792
945,3081,0,0.0016115315956994891
945,2906,0,0.001339821028523147
946,950,0,0.014305725693702698
946,903,0,0.009335709735751152
946,913,0,0.005697896704077721
946,1617,0,0.005608505103737116
946,1212,0,0.004896450787782669
946,942,0,0.004740161821246147
946,1252,0,0.0034287197049707174
946,1267,0,0.003279793541878462
946,2366,0,0.002350407186895609
946,912,0,0.0021244094241410494
947,2262,0,0.03703804686665535
947,2134,0,0.02995840460062027
947,1135,0,0.02256804145872593
947,3448,0,0.02095954306423664
947,2518,0,0.020483965054154396
947,3422,0,0.01813080906867981
947,1091,0,0.017628155648708344
947,2245,0,0.015889035537838936
947,3684,0,0.014931850135326385
947,2371,0,0.014338861219584942
948,3536,0,0.030772991478443146
948,3316,0,0.022417599335312843
948,3483,0,0.02222178317606449
948,3513,0,0.020375126972794533
948,3744,0,0.016566172242164612
948,3624,0,0.01614297367632389
948,3578,0,0.01579812541604042
948,3946,0,0.01473547425121069
948,3858,0,0.012674849480390549
948,3824,0,0.01210384164005518
949,1029,0,0.005105957854539156
949,588,0,0.004731150809675455
949,1282,0,0.004692790564149618
949,2081,0,0.003833270398899913
949,3675,0,0.0030194842256605625
949,1012,0,0.0028041633777320385
949,2080,0,0.0026759926695376635
949,2096,0,0.0018254481256008148
949,2078,0,0.0017954151844605803
949,2565,0,0.0017951909685507417
950,2807,0,0.034976694732904434
950,405,0,0.019602080807089806
950,1862,0,0.01889060251414776
950,160,0,0.01662135310471058
950,1591,0,0.014591109938919544
950,1373,0,0.011873762123286724
950,2034,0,0.011487259529531002
950,173,0,0.009984621778130531
950,2808,0,0.009580845944583416
950,519,0,0.00920942984521389
951,1029,0,0.031888868659734726
951,364,0,0.017829498276114464
951,2700,0,0.014602893963456154
951,594,0,0.013450026512145996
951,1032,0,0.010806740261614323
951,2137,0,0.007647338323295116
951,2087,0,0.007467512972652912
951,1282,0,0.006748176645487547
951,2139,0,0.006664332002401352
951,2080,0,0.006450138054788113
952,538,0,0.0042080869898200035
952,3783,0,0.0025151355657726526
952,3481,0,0.002240629168227315
952,3163,0,0.002130520762875676
952,337,0,0.0018826640443876386
952,3007,0,0.0017551662167534232
952,3794,0,0.0017189185600727797
952,3513,0,0.0016799070872366428
952,32,0,0.0016345110489055514
952,3129,0,0.001540138153359294
953,969,0,0.0010203045094385743
953,3578,0,0.000662173901218921
953,1953,0,0.0006247268174774945
953,1228,0,0.0005662977346219122
953,3946,0,0.0004414900904521346
953,1252,0,0.0003680159861687571
953,3948,0,0.00035937197390012443
953,1262,0,0.00034503175993449986
953,1186,0,0.0003200627106707543
953,1282,0,0.0003102098125964403
954,2000,0,0.002270778641104698
954,3948,0,0.0011739135952666402
954,45,0,0.0009984038770198822
954,3481,0,0.0009576709708198905
954,2144,0,0.0009355753427371383
954,1077,0,0.000884656619746238
954,3039,0,0.0008722816710360348
954,3308,0,0.0008473719353787601
954,1958,0,0.0007497243350371718
954,2100,0,0.0006132256821729243
955,1378,0,0.015294327400624752
955,2922,0,0.006555910687893629
955,996,0,0.006176927592605352
955,553,0,0.005587359424680471
955,3262,0,0.004805696662515402
955,1379,0,0.0044362302869558334
955,2921,0,0.004078961908817291
955,2951,0,0.0033874395303428173
955,416,0,0.0031648508738726377
955,2990,0,0.0031323167495429516
956,3675,0,0.044894568622112274
956,2940,0,0.02614590898156166
956,3615,0,0.021805623546242714
956,942,0,0.020988641306757927
956,3745,0,0.014794163405895233
956,3435,0,0.013256635516881943
956,1284,0,0.012866577133536339
956,3483,0,0.012730241753160954
956,3159,0,0.011397779919207096
956,903,0,0.011172355152666569
957,3897,0,0.05166914314031601
957,3948,0,0.01721140556037426
957,3317,0,0.015092125162482262
957,3911,0,0.010965277440845966
957,3826,0,0.010115000419318676
957,3783,0,0.009800994768738747
957,3512,0,0.008861539885401726
957,3915,0,0.008700976148247719
957,3316,0,0.007763291243463755
957,3007,0,0.007424011826515198
958,1221,0,0.02106993831694126
958,1193,0,0.020583923906087875
958,608,0,0.01894121989607811
958,296,0,0.010297597385942936
958,923,0,0.01019798219203949
958,527,0,0.008731451816856861
958,1230,0,0.0057959770783782005
958,1945,0,0.005482807289808989
958,50,0,0.005470528267323971
958,1207,0,0.005255590192973614
959,48,0,0.05966563522815704
959,2294,0,0.05762311443686485
959,2687,0,0.02831663005053997
959,2700,0,0.02827483043074608
959,1029,0,0.020442254841327667
959,1907,0,0.02031703107059002
959,2096,0,0.01277191936969757
959,3157,0,0.010275114327669144
959,531,0,0.010266554541885853
959,2702,0,0.010235738940536976
960,2188,0,0.022914482280611992
960,1888,0,0.014493333175778389
960,1556,0,0.014376376755535603
960,153,0,0.010564889758825302
960,3156,0,0.010319101624190807
960,1453,0,0.009790915064513683
960,427,0,0.008351970463991165
960,2325,0,0.007182791829109192
960,413,0,0.007032242603600025
960,3146,0,0.006941679865121841
961,2699,0,0.009145238436758518
961,2976,0,0.005623288918286562
961,2433,0,0.005224752705544233
961,2771,0,0.004821105394512415
961,223,0,0.004204196389764547
961,2147,0,0.0023497343063354492
961,2827,0,0.0020820859353989363
961,2975,0,0.0020276338327676058
961,2355,0,0.001816782751120627
961,2555,0,0.0015675228787586093
962,1343,0,0.06708934158086777
962,350,0,0.0399811826646328
962,1805,0,0.03141920268535614
962,2353,0,0.02256748266518116
962,1573,0,0.016072845086455345
962,1370,0,0.014567652717232704
962,1089,0,0.014335020445287228
962,1729,0,0.013990596868097782
962,319,0,0.008596575818955898
962,628,0,0.008545582182705402
963,272,0,0.02338966354727745
963,538,0,0.023005595430731773
963,1643,0,0.020748088136315346
963,1678,0,0.017120273783802986
963,475,0,0.016251809895038605
963,1660,0,0.015596908517181873
963,1729,0,0.014081739820539951
963,1177,0,0.012594267725944519
963,509,0,0.01216843817383051
963,2268,0,0.011010433547198772
964,3253,0,0.02296987548470497
964,1476,0,0.017406582832336426
964,2657,0,0.014174386858940125
964,1042,0,0.014099541120231152
964,1569,0,0.012825296260416508
964,539,0,0.012798146344721317
964,45,0,0.012784075923264027
964,364,1,0.01082234550267458
964,21,0,0.009710061363875866
964,224,0,0.009310304187238216
965,3624,0,0.06827638298273087
965,2940,0,0.026395602151751518
965,3566,0,0.018237942829728127
965,3615,0,0.015189945697784424
965,3536,0,0.015091721899807453
965,3745,0,0.014635192230343819
965,3435,0,0.014288521371781826
965,1284,0,0.012191138230264187
965,1212,0,0.011590292677283287
965,3793,0,0.011442847549915314
966,2390,0,0.012971433810889721
966,2333,0,0.011624553240835667
966,1177,0,0.011495605111122131
966,1399,0,0.010670438408851624
966,1643,0,0.010592333041131496
966,222,0,0.008951809257268906
966,147,0,0.008172688074409962
966,125,0,0.008037730120122433
966,282,0,0.007588774431496859
966,2025,0,0.0069561186246573925
967,3253,0,0.014248160645365715
967,2302,0,0.01409066841006279
967,852,0,0.011695647612214088
967,3263,0,0.006430818699300289
967,2567,0,0.005707923788577318
967,1414,0,0.005320418160408735
967,3261,0,0.004765884485095739
967,2683,0,0.004307716153562069
967,339,0,0.004283044021576643
967,1042,0,0.003975105471909046
968,441,0,0.003947824705392122
968,3174,0,0.003052742453292012
968,39,0,0.002455682260915637
968,21,0,0.002194733126088977
968,52,0,0.002178796101361513
968,1449,0,0.002164276782423258
968,357,0,0.0021221444476395845
968,3255,0,0.0016393291298300028
968,1747,0,0.001599128358066082
968,3157,0,0.0011854933109134436
969,1213,0,0.00777442567050457
969,1179,0,0.00556508544832468
969,337,0,0.005324590019881725
969,17,1,0.00499827740713954
969,2997,0,0.004439770244061947
969,994,0,0.004393935203552246
969,2289,0,0.004322773776948452
969,1265,0,0.003967016004025936
969,529,0,0.0038700569421052933
969,2336,0,0.0034910307731479406
970,2389,0,0.024745071306824684
970,1497,0,0.01145252212882042
970,510,0,0.010056785307824612
970,1004,0,0.007869116961956024
970,2412,0,0.006249091122299433
970,2807,0,0.005902372766286135
970,169,0,0.005001244600862265
970,1655,0,0.004752736538648605
970,93,0,0.004692809656262398
970,2026,0,0.004574399441480637
971,160,0,0.015884798020124435
971,1379,0,0.01573454588651657
971,153,0,0.015479779802262783
971,1876,0,0.014277181588113308
971,1438,0,0.011424239724874496
971,2412,0,0.011087398044764996
971,427,0,0.010892403312027454
971,292,0,0.010458286851644516
971,504,0,0.010399934835731983
971,2807,0,0.010117633268237114
972,3930,0,0.03644915670156479
972,3928,0,0.031675685197114944
972,2657,0,0.023116054013371468
972,1544,0,0.01802506484091282
972,661,0,0.015963051468133926
972,366,0,0.014574908651411533
972,3918,0,0.012062614783644676
972,3,0,0.011376981623470783
972,480,0,0.01116503681987524
972,1971,0,0.011114218272268772
973,2174,0,0.060901522636413574
973,2115,0,0.03402414917945862
973,3107,0,0.013147084042429924
973,380,0,0.013108387589454651
973,3479,0,0.012736243195831776
973,349,0,0.012517370283603668
973,1101,0,0.00814452487975359
973,2081,0,0.007467512506991625
973,1408,0,0.007348918356001377
973,2657,0,0.007151726633310318
974,223,0,0.03098228946328163
974,898,0,0.014527658931910992
974,1,0,0.013344512321054935
974,3481,0,0.011484873481094837
974,2324,0,0.0107456399127841
974,1188,0,0.01050624717026949
974,2863,0,0.010238674469292164
974,1641,0,0.009126096032559872
974,3210,0,0.008455135859549046
974,34,0,0.008428274653851986
975,3300,0,0.03300975263118744
975,3555,0,0.02095128409564495
975,3624,0,0.018811458721756935
975,3745,0,0.012905974872410297
975,3623,0,0.007844296284019947
975,3744,0,0.007192916236817837
975,3827,0,0.006662232335656881
975,3316,0,0.006470053922384977
975,3535,0,0.00621130783110857
975,3752,0,0.005529326852411032
976,2485,0,0.01831785961985588
976,2700,0,0.012822975404560566
976,2987,0,0.008993750438094139
976,3157,0,0.008804768323898315
976,2396,0,0.007973752915859222
976,2762,0,0.007641236297786236
976,3176,0,0.006332288030534983
976,2806,0,0.0061120325699448586
976,2692,0,0.00458093686029315
976,3273,0,0.0039947316981852055
977,1909,0,0.005675244145095348
977,1876,0,0.0028884236235171556
977,2699,0,0.0024058218114078045
977,1527,0,0.0023707656655460596
977,788,0,0.0018024281598627567
977,1917,0,0.0016722605796530843
977,1690,0,0.0014988660113885999
977,2012,0,0.00146762584336102
977,1396,0,0.0013117758790031075
977,1580,0,0.0011516681406646967
978,3081,0,0.11705827713012695
978,2396,0,0.06714370846748352
978,3176,0,0.06104497238993645
978,2702,0,0.037437986582517624
978,2395,0,0.023302217945456505
978,2961,0,0.023095669224858284
978,3384,0,0.020513659343123436
978,2987,0,0.01615273952484131
978,3157,0,0.012069528922438622
978,2806,0,0.009616479277610779
979,1544,0,0.01263012457638979
979,1772,0,0.005734328180551529
979,208,0,0.005238604266196489
979,1370,0,0.0049767568707466125
979,356,0,0.00409421743825078
979,2858,0,0.0036962677258998156
979,3624,0,0.0033609243109822273
979,1035,0,0.003157224040478468
979,3793,0,0.0031028795056045055
979,3745,0,0.003075718879699707
980,1573,0,0.01556992158293724
980,329,0,0.013146949000656605
980,1370,0,0.009431124664843082
980,2334,0,0.009048743173480034
980,165,0,0.00899743102490902
980,2763,0,0.0074816201813519
980,2641,0,0.006871573626995087
980,1754,0,0.006617999169975519
980,2001,0,0.006602494046092033
980,95,0,0.006586121395230293
981,1729,0,0.003992091398686171
981,21,0,0.003849390894174576
981,1500,0,0.002631762996315956
981,1466,0,0.002561073750257492
981,3418,0,0.002453544409945607
981,562,0,0.0024526985362172127
981,1393,0,0.002427426166832447
981,1885,0,0.0018747661961242557
981,2359,0,0.0018374506616964936
981,1188,0,0.0017581115243956447
982,539,0,0.026598533615469933
982,802,0,0.0260283462703228
982,852,0,0.02046303078532219
982,587,0,0.02026388980448246
982,1569,0,0.019203074276447296
982,534,0,0.018187468871474266
982,597,0,0.01572333462536335
982,1888,0,0.010899818502366543
982,3684,0,0.009952125139534473
982,339,0,0.008883196860551834
983,2011,0,0.008776182308793068
983,2021,0,0.006301700137555599
983,1127,0,0.0025715455412864685
983,2640,0,0.0013725141761824489
983,1077,0,0.0013362044701352715
983,2527,0,0.001330738072283566
983,3827,0,0.001193751348182559
983,3070,0,0.0011924292193725705
983,2009,0,0.0011379134375602007
983,2872,0,0.0010218338575214148
984,3948,0,0.05049968138337135
984,2997,0,0.03231315314769745
984,1234,0,0.025866674259305
984,318,0,0.02306336909532547
984,2858,0,0.01549865398555994
984,1079,0,0.014649172313511372
984,2396,0,0.013526909053325653
984,3481,0,0.012695788405835629
984,1,0,0.010214080102741718
984,3421,0,0.009953493252396584
985,608,0,0.01082803774625063
985,50,0,0.006877693813294172
985,1617,0,0.005137684755027294
985,1252,0,0.002800264162942767
985,2762,0,0.0027823690325021744
985,318,0,0.0022123537492007017
985,800,0,0.0020121776033192873
985,1089,0,0.0019231054466217756
985,1280,0,0.0015499911969527602
985,1041,0,0.0014908650191500783
986,3910,0,0.02294357493519783
986,3893,0,0.016749514266848564
986,3952,0,0.012272374704480171
986,3538,0,0.011528675444424152
986,3897,0,0.01135058980435133
986,3512,0,0.01061383355408907
986,3858,0,0.00906442105770111
986,2769,0,0.007740728557109833
986,1972,0,0.007566832005977631
986,1971,0,0.007127271965146065
987,281,0,0.012373455800116062
987,272,0,0.009344037622213364
987,32,0,0.0086636608466506
987,508,0,0.007371134590357542
987,1271,0,0.006938087288290262
987,345,0,0.00683512631803751
987,3145,0,0.006365104578435421
987,1660,0,0.0060813105665147305
987,1653,0,0.0056761810556054115
987,802,0,0.005646119825541973
988,1914,0,0.02622663788497448
988,45,0,0.02040177956223488
988,32,0,0.01586083695292473
988,1393,0,0.01512365322560072
988,1569,0,0.013500566594302654
988,1580,0,0.012317177839577198
988,3481,0,0.012006249278783798
988,1784,0,0.011244996450841427
988,1883,0,0.010667758993804455
988,1500,0,0.009464871138334274
989,3629,0,0.0044556367211043835
989,909,0,0.0031946981325745583
989,2208,0,0.002163647674024105
989,926,0,0.0017181523144245148
989,910,0,0.001526492997072637
989,1267,0,0.0011807832634076476
989,3334,0,0.0010913225123658776
989,1248,0,0.0010529219871386886
989,1284,0,0.0009456933476030827
989,2693,0,0.0009345985599793494
990,2567,0,0.004404800944030285
990,3869,0,0.004081213381141424
990,2384,0,0.003961321897804737
990,1042,0,0.003736694809049368
990,180,0,0.0035149946343153715
990,1569,0,0.002981010125949979
990,1580,0,0.002901465632021427
990,500,0,0.0028001260943710804
990,543,0,0.0027751245070248842
990,39,0,0.002439915668219328
991,1188,0,0.013657323084771633
991,2384,0,0.01177117507904768
991,1012,0,0.01097057107836008
991,2935,0,0.007975845597684383
991,1277,0,0.007797787431627512
991,1292,0,0.007406131364405155
991,497,0,0.00722543615847826
991,953,0,0.006350196897983551
991,900,0,0.005941775627434254
991,101,0,0.005554206669330597
992,3179,0,0.037317998707294464
992,2572,0,0.03356308117508888
992,2997,0,0.022772377356886864
992,2707,0,0.02045692503452301
992,2710,0,0.017210520803928375
992,2683,0,0.016638999804854393
992,2302,0,0.013632351532578468
992,3081,0,0.010262557305395603
992,1580,0,0.00938504096120596
992,1171,0,0.009127555415034294
993,3481,0,0.0038390839472413063
993,6,0,0.0031686597503721714
993,2076,0,0.0030961257871240377
993,32,0,0.002973579103127122
993,3181,0,0.0025815297849476337
993,3753,0,0.002427023369818926
993,3513,0,0.0022850418463349342
993,1885,0,0.00221640570089221
993,3328,0,0.001877876347862184
993,930,0,0.0017485037678852677
994,555,0,0.0023206656333059072
994,2058,0,0.001842138241045177
994,1408,0,0.0017783006187528372
994,2028,0,0.0014403520617634058
994,2353,0,0.0011657077120617032
994,21,0,0.0007717126864008605
994,3256,0,0.0006902770255692303
994,2571,0,0.0006613990408368409
994,1370,0,0.0006118545425124466
994,3178,0,0.0005936522502452135
995,1888,0,0.080278679728508
995,1353,0,0.03698183223605156
995,236,1,0.03519919142127037
995,2497,0,0.029977817088365555
995,2724,0,0.026152441278100014
995,2485,0,0.023634187877178192
995,1409,0,0.02262369729578495
995,339,0,0.02036925032734871
995,252,0,0.014718404039740562
995,3528,0,0.012377619743347168
996,3481,0,0.028332388028502464
996,3952,0,0.023928411304950714
996,3911,0,0.017130032181739807
996,3328,0,0.0150678101927042
996,3484,0,0.013835744932293892
996,3948,0,0.012870106846094131
996,3618,0,0.012414014898240566
996,3513,0,0.01115807332098484
996,3896,0,0.010211762972176075
996,3826,0,0.00956814270466566
997,2707,0,0.0012933972757309675
997,3298,0,0.0012153338175266981
997,3555,0,0.0009312904439866543
997,3593,0,0.0008625061600469053
997,3005,0,0.0008035609498620033
997,457,0,0.0007606928120367229
997,2706,0,0.0006975112482905388
997,1370,0,0.0005989301134832203
997,2683,0,0.0005650277598761022
997,110,0,0.000553988735191524
998,1914,0,0.016904326155781746
998,45,0,0.007609033025801182
998,1747,0,0.005928730126470327
998,2359,0,0.005812195595353842
998,3358,0,0.005490418523550034
998,3081,0,0.005443332251161337
998,3255,0,0.00530686741694808
998,1393,0,0.005212043412029743
998,1641,0,0.004753704648464918
998,101,0,0.0043019684962928295
999,1453,0,0.038339659571647644
999,419,0,0.0358954556286335
999,195,0,0.0223154965788126
999,1839,0,0.020269526168704033
999,193,1,0.014451274648308754
999,93,0,0.014084196649491787
999,2154,0,0.014064506627619267
999,1731,0,0.013789989054203033
999,429,0,0.0131404222920537
999,520,0,0.011299516074359417
1000,919,0,0.0058921207673847675
1000,1256,0,0.00453476095572114
1000,1193,0,0.003541135462000966
1000,720,0,0.0032832941506057978
1000,1221,0,0.0030898454133421183
1000,1230,0,0.002460950519889593
1000,3095,0,0.0023508938029408455
1000,1136,0,0.0020973330829292536
1000,36,0,0.0020677766297012568
1000,593,0,0.0015891348011791706
